{
  "required": true,
  "package": "baritone.launch.mixins",
  "refmap": "mixins.baritone.refmap.json",
  "compatibilityLevel": "JAVA_8",
  "verbose": false,
  "injectors": {
    "maxShiftBy": 2
  },
  "client": [
    "MixinAnvilChunkLoader",
    "MixinBitArray",
    "MixinBlockStateContainer",
    "MixinChatTabCompleter",
    "MixinChunkProviderClient",
    "MixinChunkProviderServer",
    "MixinChunkRenderContainer",
    "MixinChunkRenderWorker",
    "MixinEntityLivingBase",
    "MixinEntityPlayerSP",
    "MixinEntityRenderer",
    "MixinGuiScreen",
    "MixinItemStack",
    "MixinMinecraft",
    "MixinNetHandlerPlayClient",
    "MixinNetworkManager",
    "MixinPlayerControllerMP",
    "MixinRenderChunk",
    "MixinRenderList",
    "MixinStateImplementation",
    "MixinTabCompleter",
    "MixinVboRenderList",
    "MixinWorldClient"
  ]
}