{
  "required": true,
  "package": "clientapi.load.mixin",
  "refmap": "mixins.impact.refmap.json",
  "minVersion": "0.7.8",
  "compatibilityLevel": "JAVA_8",
  "verbose": false,
  "client": [
    "MixinBlock",
    "MixinEntity",
    "MixinEntityLivingBase",
    "MixinEntityPlayerSP",
    "MixinEntityRenderer",
    "MixinFontRenderer",
    "MixinGuiBossOverlay",
    "MixinGuiIngame",
    "MixinGuiSpectator",
    "MixinItemRenderer",
    "MixinLayerArmorBase",
    "MixinMinecraft",
    "MixinNetHandlerLoginClient",
    "MixinNetHandlerPlayClient",
    "MixinNettyPacketDecoder",
    "MixinNettyPacketEncoder",
    "MixinNetworkManager",
    "MixinParticleManager",
    "MixinRender",
    "MixinRenderItem",
    "MixinRenderLivingBase",
    "MixinRenderManager",
    "MixinTimer"
  ]
}
