{"data":{"notch":{"clientapi/load/mixin/MixinBlock":{"canCollideCheck":"Laow;a(Lawt;Z)Z"},"clientapi/load/mixin/MixinEntity":{"applyEntityCollision":"Lvg;i(Lvg;)V"},"clientapi/load/mixin/MixinEntityLivingBase":{"jump":"Lvp;cu()V","net/minecraft/entity/EntityLivingBase.travel(FFF)V":"Lvp;a(FFF)V","onDeath":"Lvp;a(Lur;)V","onLivingUpdate":"Lvp;n()V"},"clientapi/load/mixin/MixinEntityPlayerSP":{"Lnet/minecraft/client/entity/EntityPlayerSP;onGround:Z":"Lbud;z:Z","Lnet/minecraft/client/entity/EntityPlayerSP;posX:D":"Lbud;p:D","Lnet/minecraft/client/entity/EntityPlayerSP;posZ:D":"Lbud;r:D","Lnet/minecraft/client/entity/EntityPlayerSP;rotationPitch:F":"Lbud;w:F","Lnet/minecraft/client/entity/EntityPlayerSP;rotationYaw:F":"Lbud;v:F","Lnet/minecraft/client/network/NetHandlerPlayClient;sendPacket(Lnet/minecraft/network/Packet;)V":"Lbrz;a(Lht;)V","Lnet/minecraft/util/math/AxisAlignedBB;minY:D":"Lbhb;b:D","move":"Lbud;a(Lvv;DDD)V","net/minecraft/client/entity/AbstractClientPlayer.move(Lnet/minecraft/entity/MoverType;DDD)V":"Lbua;a(Lvv;DDD)V","onLivingUpdate":"Lbud;n()V","onUpdate":"Lbud;B_()V","onUpdateWalkingPlayer":"Lbud;N()V","sendChatMessage":"Lbud;g(Ljava/lang/String;)V"},"clientapi/load/mixin/MixinEntityRenderer":{"Lnet/minecraft/block/state/IBlockState;getMaterial()Lnet/minecraft/block/material/Material;":"Lawt;a()Lbcz;","displayItemActivation":"Lbuq;a(Laip;)V","hurtCameraEffect":"Lbuq;d(F)V","net/minecraft/client/gui/GuiIngame.renderGameOverlay(F)V":"Lbiq;a(F)V","net/minecraft/client/renderer/OpenGlHelper.shadersSupported:Z":"Lcii;O:Z","net/minecraft/profiler/Profiler.endStartSection(Ljava/lang/String;)V":"Lrl;c(Ljava/lang/String;)V","renderWorldPass":"Lbuq;a(IFJ)V","setupFog":"Lbuq;a(IF)V","updateCameraAndRender":"Lbuq;a(FJ)V"},"clientapi/load/mixin/MixinFontRenderer":{"getStringWidth":"Lbip;a(Ljava/lang/String;)I","renderStringAtPos":"Lbip;a(Ljava/lang/String;Z)V"},"clientapi/load/mixin/MixinGuiBossOverlay":{"renderBossHealth":"Lbiz;a()V"},"clientapi/load/mixin/MixinGuiIngame":{"net/minecraft/client/gui/GuiIngame.drawTexturedModalRect(IIIIII)V":"Lbiq;b(IIIIII)V","net/minecraft/client/settings/GameSettings.attackIndicator:I":"Lbid;N:I","net/minecraft/entity/player/EntityPlayer.getRidingEntity()Lnet/minecraft/entity/Entity;":"Laed;bJ()Lvg;","net/minecraft/entity/player/EntityPlayer.getTotalArmorValue()I":"Laed;cg()I","net/minecraft/entity/player/EntityPlayer.isInsideOfMaterial(Lnet/minecraft/block/material/Material;)Z":"Laed;a(Lbcz;)Z","net/minecraft/util/math/MathHelper.ceil(F)I":"Lrk;f(F)I","renderAttackIndicator":"Lbiq;a(FLbit;)V","renderExpBar":"Lbiq;b(Lbit;I)V","renderHorseJumpBar":"Lbiq;a(Lbit;I)V","renderHotbar":"Lbiq;a(Lbit;F)V","renderPlayerStats":"Lbiq;d(Lbit;)V","renderPortal":"Lbiq;c(FLbit;)V","renderPotionEffects":"Lbiq;a(Lbit;)V","renderPumpkinOverlay":"Lbiq;f(Lbit;)V","renderScoreboard":"Lbiq;a(Lbhg;Lbit;)V","renderSelectedItem":"Lbiq;b(Lbit;)V","renderVignette":"Lbiq;b(FLbit;)V"},"clientapi/load/mixin/MixinGuiSpectator":{"renderSelectedItem":"Lbjw;a(Lbit;)V"},"clientapi/load/mixin/MixinItemRenderer":{"renderFireInFirstPerson":"Lbuu;d()V","renderItemInFirstPerson(Lnet/minecraft/client/entity/AbstractClientPlayer;FFLnet/minecraft/util/EnumHand;FLnet/minecraft/item/ItemStack;F)V":"Lbuu;a(Lbua;FFLub;FLaip;F)V"},"clientapi/load/mixin/MixinLayerArmorBase":{"renderEnchantedGlint":"Lcbp;a(Lcaa;Lvp;Lbqf;FFFFFFF)V"},"clientapi/load/mixin/MixinMinecraft":{"displayGuiScreen":"Lbib;a(Lblk;)V","init":"Lbib;aq()V","loadWorld(Lnet/minecraft/client/multiplayer/WorldClient;Ljava/lang/String;)V":"Lbib;a(Lbsb;Ljava/lang/String;)V","rightClickDelayTimer":"as:I","runGameLoop":"Lbib;az()V","runTick":"Lbib;t()V","runTickKeyboard":"Lbib;aD()V","runTickMouse":"Lbib;aG()V","session":"af:Lbii;","shutdown":"Lbib;n()V","timer":"Y:Lbih;"},"clientapi/load/mixin/MixinNetHandlerLoginClient":{"handleEncryptionRequest":"Lbry;a(Lmi;)V"},"clientapi/load/mixin/MixinNetHandlerPlayClient":{"handleChat":"Lbrz;a(Lin;)V","handleCombatEvent":"Lbrz;a(Ljo;)V","net/minecraft/client/gui/GuiIngame.addChatMessage(Lnet/minecraft/util/text/ChatType;Lnet/minecraft/util/text/ITextComponent;)V":"Lbiq;a(Lhf;Lhh;)V","net/minecraft/client/multiplayer/WorldClient.getEntityByID(I)Lnet/minecraft/entity/Entity;":"Lbsb;a(I)Lvg;"},"clientapi/load/mixin/MixinNettyPacketDecoder":{"Lnet/minecraft/network/EnumConnectionState;getPacket(Lnet/minecraft/network/EnumPacketDirection;I)Lnet/minecraft/network/Packet;":"Lgx;a(Lhu;I)Lht;","decode":"Lgz;decode(Lio/netty/channel/ChannelHandlerContext;Lio/netty/buffer/ByteBuf;Ljava/util/List;)V"},"clientapi/load/mixin/MixinNettyPacketEncoder":{"encode":"Lha;a(Lio/netty/channel/ChannelHandlerContext;Lht;Lio/netty/buffer/ByteBuf;)V"},"clientapi/load/mixin/MixinNetworkManager":{"channelRead0":"Lgw;a(Lio/netty/channel/ChannelHandlerContext;Lht;)V","flushOutboundQueue":"Lgw;m()V","net/minecraft/network/NetworkManager.dispatchPacket(Lnet/minecraft/network/Packet;[Lio/netty/util/concurrent/GenericFutureListener;)V":"Lgw;a(Lht;[Lio/netty/util/concurrent/GenericFutureListener;)V","net/minecraft/network/NetworkManager.isChannelOpen()Z":"Lgw;g()Z","net/minecraft/network/Packet.processPacket(Lnet/minecraft/network/INetHandler;)V":"Lht;a(Lhb;)V","sendPacket":"Lgw;a(Lht;)V"},"clientapi/load/mixin/MixinParticleManager":{"net/minecraft/client/particle/IParticleFactory.createParticle(ILnet/minecraft/world/World;DDDDDD[I)Lnet/minecraft/client/particle/Particle;":"Lbth;a(ILamu;DDDDDD[I)Lbtf;","spawnEffectParticle":"Lbtg;a(IDDDDDD[I)Lbtf;"},"clientapi/load/mixin/MixinRender":{"getTeamColor":"Lbzg;c(Lvg;)I","renderLivingLabel":"Lbzg;a(Lvg;Ljava/lang/String;DDDI)V"},"clientapi/load/mixin/MixinRenderItem":{"renderEffect":"Lbzw;a(Lcfy;)V"},"clientapi/load/mixin/MixinRenderLivingBase":{"net/minecraft/client/renderer/entity/layers/LayerRenderer.doRenderLayer(Lnet/minecraft/entity/EntityLivingBase;FFFFFFF)V":"Lccg;a(Lvp;FFFFFFF)V","renderLayers":"Lcaa;a(Lvp;FFFFFFF)V"},"clientapi/load/mixin/MixinRenderManager":{"net/minecraft/client/renderer/entity/Render.setRenderOutlines(Z)V":"Lbzg;a(Z)V","renderEntity":"Lbzf;a(Lvg;DDDFFZ)V"},"clientapi/load/mixin/MixinTimer":{"Lnet/minecraft/util/Timer;tickLength:F":"Lbih;e:F","updateTimer":"Lbih;a()V"},"me/zero/clarinet/hook/mixin/MixinAbstractClientPlayer":{"getLocationCape":"Lbua;q()Lnf;"},"me/zero/clarinet/hook/mixin/MixinAbstractHorse":{"Lnet/minecraft/entity/passive/AbstractHorse;isHorseSaddled()Z":"Laao;dG()Z","canBeSteered":"Laao;cV()Z","canJump":"Laao;a()Z","setJumpPower":"Laao;a_(I)V","travel":"Laao;a(FFF)V"},"me/zero/clarinet/hook/mixin/MixinBlock":{"isFullBlock":"Laow;l(Lawt;)Z"},"me/zero/clarinet/hook/mixin/MixinBlockBasePressurePlate":{"getCollisionBoundingBox":"Laor;a(Lawt;Lamy;Let;)Lbhb;"},"me/zero/clarinet/hook/mixin/MixinBlockCactus":{"getCollisionBoundingBox":"Lape;a(Lawt;Lamy;Let;)Lbhb;","net/minecraft/block/BlockCactus.CACTUS_COLLISION_AABB:Lnet/minecraft/util/math/AxisAlignedBB;":"Lape;b:Lbhb;"},"me/zero/clarinet/hook/mixin/MixinBlockFire":{"getCollisionBoundingBox":"Laqq;a(Lawt;Lamy;Let;)Lbhb;"},"me/zero/clarinet/hook/mixin/MixinBlockFluidRenderer":{"renderFluid":"Lbvn;a(Lamy;Lawt;Let;Lbuk;)Z"},"me/zero/clarinet/hook/mixin/MixinBlockLiquid":{"canCollideCheck":"Laru;a(Lawt;Z)Z","getCollisionBoundingBox":"Laru;a(Lawt;Lamy;Let;)Lbhb;"},"me/zero/clarinet/hook/mixin/MixinBlockModelRenderer":{"net/minecraft/block/state/IBlockState.getPackedLightmapCoords(Lnet/minecraft/world/IBlockAccess;Lnet/minecraft/util/math/BlockPos;)I":"Lawt;b(Lamy;Let;)I","net/minecraft/client/Minecraft.isAmbientOcclusionEnabled()Z":"Lbib;y()Z","renderModel(Lnet/minecraft/world/IBlockAccess;Lnet/minecraft/client/renderer/block/model/IBakedModel;Lnet/minecraft/block/state/IBlockState;Lnet/minecraft/util/math/BlockPos;Lnet/minecraft/client/renderer/BufferBuilder;ZJ)Z":"Lbvo;a(Lamy;Lcfy;Lawt;Let;Lbuk;ZJ)Z","renderModelFlat":"Lbvo;c(Lamy;Lcfy;Lawt;Let;Lbuk;ZJ)Z"},"me/zero/clarinet/hook/mixin/MixinBlockShulkerBox":{"Lnet/minecraft/inventory/ItemStackHelper;loadAllItems(Lnet/minecraft/nbt/NBTTagCompound;Lnet/minecraft/util/NonNullList;)V":"Ltw;b(Lfy;Lfi;)V","addInformation":"Latr;a(Laip;Lamu;Ljava/util/List;Lakb;)V"},"me/zero/clarinet/hook/mixin/MixinBlockSlime":{"onEntityWalk":"Latu;a(Lamu;Let;Lvg;)V"},"me/zero/clarinet/hook/mixin/MixinBlockSoulSand":{"onEntityCollision":"Latx;a(Lamu;Let;Lawt;Lvg;)V"},"me/zero/clarinet/hook/mixin/MixinDebugRendererChunkBorder":{"net/minecraft/client/Minecraft.player:Lnet/minecraft/client/entity/EntityPlayerSP;":"Lbib;h:Lbud;","render":"Lbye;a(FJ)V"},"me/zero/clarinet/hook/mixin/MixinEntity":{"move":"Lvg;a(Lvv;DDD)V","net/minecraft/entity/Entity.isSneaking()Z":"Lvg;aU()Z","net/minecraft/entity/Entity.stepHeight:F":"Lvg;P:F"},"me/zero/clarinet/hook/mixin/MixinEntityLivingBase":{"net/minecraft/entity/EntityLivingBase.onGround:Z":"Lvp;z:Z","onLivingUpdate":"Lvp;n()V","travel":"Lvp;a(FFF)V"},"me/zero/clarinet/hook/mixin/MixinEntityLlama":{"canBeSteered":"Laas;cV()Z"},"me/zero/clarinet/hook/mixin/MixinEntityPig":{"canBeSteered":"Laad;cV()Z"},"me/zero/clarinet/hook/mixin/MixinEntityPlayer":{"attackTargetEntityWithCurrentItem":"Laed;f(Lvg;)V","net/minecraft/entity/player/EntityPlayer.setSprinting(Z)V":"Laed;f(Z)V"},"me/zero/clarinet/hook/mixin/MixinEntityPlayerSP":{"isCurrentViewEntity":"Lbud;K()Z","isUser":"Lbud;cZ()Z","net/minecraft/client/entity/AbstractClientPlayer.setSprinting(Z)V":"Lbua;f(Z)V","net/minecraft/client/entity/EntityPlayerSP.autoJumpTime:I":"Lbud;cv:I","net/minecraft/client/entity/EntityPlayerSP.isHandActive()Z":"Lbud;cG()Z","net/minecraft/client/entity/EntityPlayerSP.sprintToggleTimer:I":"Lbud;g:I","net/minecraft/client/gui/GuiScreen.doesGuiPauseGame()Z":"Lblk;d()Z","net/minecraft/util/MovementInput.updatePlayerMoveState()V":"Lbub;a()V","onLivingUpdate":"Lbud;n()V","setSprinting":"Lbud;f(Z)V"},"me/zero/clarinet/hook/mixin/MixinEntityRenderer":{"Lnet/minecraft/client/multiplayer/WorldClient;rayTraceBlocks(Lnet/minecraft/util/math/Vec3d;Lnet/minecraft/util/math/Vec3d;)Lnet/minecraft/util/math/RayTraceResult;":"Lbsb;a(Lbhe;Lbhe;)Lbhc;","Lnet/minecraft/client/renderer/texture/DynamicTexture;updateDynamicTexture()V":"Lcdg;d()V","getMouseOver":"Lbuq;a(F)V","net/minecraft/client/entity/EntityPlayerSP.turn(FF)V":"Lbud;c(FF)V","net/minecraft/client/renderer/GlStateManager.matrixMode(I)V":"Lbus;n(I)V","net/minecraft/client/renderer/GlStateManager.shadeModel(I)V":"Lbus;j(I)V","net/minecraft/client/settings/GameSettings.gammaSetting:F":"Lbid;aE:F","net/minecraft/entity/Entity.getCollisionBorderSize()F":"Lvg;aI()F","net/minecraft/entity/Entity.prevRotationPitch:F":"Lvg;y:F","net/minecraft/entity/Entity.prevRotationYaw:F":"Lvg;x:F","net/minecraft/entity/Entity.rotationPitch:F":"Lvg;w:F","net/minecraft/entity/Entity.rotationYaw:F":"Lvg;v:F","net/minecraft/util/MouseHelper.mouseXYChange()V":"Lbic;c()V","orientCamera":"Lbuq;f(F)V","renderWorldPass":"Lbuq;a(IFJ)V","updateCameraAndRender":"Lbuq;a(FJ)V","updateLightmap":"Lbuq;g(F)V"},"me/zero/clarinet/hook/mixin/MixinFramebuffer":{"createFramebuffer":"Lbvd;b(II)V","framebufferRenderExt":"Lbvd;a(IIZ)V","net/minecraft/client/renderer/GlStateManager.colorMask(ZZZZ)V":"Lbus;a(ZZZZ)V","net/minecraft/client/renderer/OpenGlHelper.glFramebufferRenderbuffer(IIII)V":"Lcii;b(IIII)V","net/minecraft/client/renderer/OpenGlHelper.glRenderbufferStorage(IIII)V":"Lcii;a(IIII)V"},"me/zero/clarinet/hook/mixin/MixinGuiOverlayDebug":{"call":"Lbjd;b()Ljava/util/List;","net/minecraft/client/Minecraft.getVersion()Ljava/lang/String;":"Lbib;c()Ljava/lang/String;"},"me/zero/clarinet/hook/mixin/MixinItemBlock":{"net/minecraft/world/World.setBlockState(Lnet/minecraft/util/math/BlockPos;Lnet/minecraft/block/state/IBlockState;I)Z":"Lamu;a(Let;Lawt;I)Z","onItemUse":"Lahb;a(Laed;Lamu;Let;Lub;Lfa;FFF)Lud;"},"me/zero/clarinet/hook/mixin/MixinItemStack":{"<init>(Lnet/minecraft/item/Item;II)V":"Laip;<init>(Lain;II)V","Lnet/minecraft/item/ItemStack;getItemDamage()I":"Laip;i()I","getTooltip":"Laip;a(Laed;Lakb;)Ljava/util/List;","net/minecraft/client/util/ITooltipFlag.isAdvanced()Z":"Lakb;a()Z","net/minecraft/item/ItemStack.isItemDamaged()Z":"Laip;h()Z"},"me/zero/clarinet/hook/mixin/MixinLayerArmorBase":{"net/minecraft/client/renderer/GlStateManager.color(FFFF)V":"Lbus;c(FFFF)V","renderEnchantedGlint":"Lcbp;a(Lcaa;Lvp;Lbqf;FFFFFFF)V"},"me/zero/clarinet/hook/mixin/MixinMinecraft":{"getLimitFramerate":"Lbib;k()I","setServerData":"Lbib;a(Lbse;)V"},"me/zero/clarinet/hook/mixin/MixinModelPlayer":{"net/minecraft/client/model/ModelBiped.setRotationAngles(FFFFFFLnet/minecraft/entity/Entity;)V":"Lbpx;a(FFFFFFLvg;)V","setRotationAngles":"Lbqj;a(FFFFFFLvg;)V"},"me/zero/clarinet/hook/mixin/MixinNetworkManager":{"exceptionCaught":"Lgw;exceptionCaught(Lio/netty/channel/ChannelHandlerContext;Ljava/lang/Throwable;)V"},"me/zero/clarinet/hook/mixin/MixinPacketThreadUtil":{"checkThreadAndEnqueue":"Lhv;a(Lht;Lhb;Ltr;)V","net/minecraft/util/IThreadListener.addScheduledTask(Ljava/lang/Runnable;)Lcom/google/common/util/concurrent/ListenableFuture;":"Ltr;a(Ljava/lang/Runnable;)Lcom/google/common/util/concurrent/ListenableFuture;"},"me/zero/clarinet/hook/mixin/MixinPlayerControllerMP":{"attackEntity":"Lbsa;a(Laed;Lvg;)V","clickBlock":"Lbsa;a(Let;Lfa;)Z","net/minecraft/client/multiplayer/PlayerControllerMP.blockHitDelay:I":"Lbsa;g:I","net/minecraft/world/World.setBlockState(Lnet/minecraft/util/math/BlockPos;Lnet/minecraft/block/state/IBlockState;I)Z":"Lamu;a(Let;Lawt;I)Z","onPlayerDamageBlock":"Lbsa;b(Let;Lfa;)Z","onPlayerDestroyBlock":"Lbsa;a(Let;)Z"},"me/zero/clarinet/hook/mixin/MixinRenderItem":{"net/minecraft/client/renderer/GlStateManager.color(FFFF)V":"Lbus;c(FFFF)V","net/minecraft/client/renderer/RenderItem.renderModel(Lnet/minecraft/client/renderer/block/model/IBakedModel;I)V":"Lbzw;a(Lcfy;I)V","renderEffect":"Lbzw;a(Lcfy;)V","renderItem(Lnet/minecraft/item/ItemStack;Lnet/minecraft/client/renderer/block/model/IBakedModel;)V":"Lbzw;a(Laip;Lcfy;)V"},"me/zero/clarinet/hook/mixin/MixinRenderLivingBase":{"canRenderName":"Lcaa;a(Lvp;)Z"},"me/zero/clarinet/hook/mixin/MixinRenderManager":{"net/minecraft/entity/Entity.getEntityBoundingBox()Lnet/minecraft/util/math/AxisAlignedBB;":"Lvg;bw()Lbhb;","renderDebugBoundingBox":"Lbzf;a(Lvg;DDDFF)V"},"me/zero/clarinet/hook/mixin/MixinVisGraph":{"setOpaqueCube":"Lbxu;a(Let;)V"},"me/zero/clarinet/hook/mixin/MixinWorld":{"checkLightFor":"Lamu;c(Lana;Let;)Z","net/minecraft/block/state/IBlockState.getMaterial()Lnet/minecraft/block/material/Material;":"Lawt;a()Lbcz;","rayTraceBlocks(Lnet/minecraft/util/math/Vec3d;Lnet/minecraft/util/math/Vec3d;ZZZ)Lnet/minecraft/util/math/RayTraceResult;":"Lamu;a(Lbhe;Lbhe;ZZZ)Lbhc;"},"me/zero/clarinet/hook/mixin/accessor/AccessorCPacketCloseWindow":{"windowId":"a:I"},"me/zero/clarinet/hook/mixin/accessor/AccessorCPacketPlayer":{"X":"a:D","Y":"b:D","Z":"c:D","onGround":"f:Z","pitch":"e:F","yaw":"d:F"},"me/zero/clarinet/hook/mixin/accessor/AccessorCPacketPlayerTryUseItemOnBlock":{"placedBlockDirection":"b:Lfa;"},"me/zero/clarinet/hook/mixin/accessor/AccessorEntity":{"inWater":"U:Z","isInWeb":"E:Z"},"me/zero/clarinet/hook/mixin/accessor/AccessorGuiPlayerTabOverlay":{"footer":"h:Lhh;"},"me/zero/clarinet/hook/mixin/accessor/AccessorIGameType":{"shortName":"h:Ljava/lang/String;"},"me/zero/clarinet/hook/mixin/accessor/AccessorItemRenderer":{"transformFirstPerson":"a(Lvo;F)V","transformSideFirstPerson":"b(Lvo;F)V"},"me/zero/clarinet/hook/mixin/accessor/AccessorKeyBinding":{"pressed":"i:Z"},"me/zero/clarinet/hook/mixin/accessor/AccessorRenderManager":{"renderPosX":"o:D","renderPosY":"p:D","renderPosZ":"q:D"},"me/zero/clarinet/hook/mixin/accessor/AccessorSPacketEntityVelocity":{"entityID":"a:I","motionX":"b:I","motionY":"c:I","motionZ":"d:I"},"me/zero/clarinet/hook/mixin/accessor/AccessorSPacketExplosion":{"motionX":"f:F","motionY":"g:F","motionZ":"h:F"},"me/zero/clarinet/hook/mixin/accessor/AccessorSPacketPlayerPosLook":{"pitch":"e:F","yaw":"d:F"},"me/zero/clarinet/hook/mixin/accessor/AccessorShaderGroup":{"listFramebuffers":"f:Ljava/util/List;","listShaders":"d:Ljava/util/List;"},"me/zero/clarinet/hook/mixin/accessor/AccessorWorldInfo":{"randomSeed":"e:J"},"me/zero/clarinet/hook/mixin/gui/MixinGuiChat":{"drawScreen":"Lbkn;a(IIF)V"},"me/zero/clarinet/hook/mixin/gui/MixinGuiChest":{"drawScreen":"Lbmm;a(IIF)V"},"me/zero/clarinet/hook/mixin/gui/MixinGuiCustomizeSkin":{"drawScreen":"Lblm;a(IIF)V","initGui":"Lblm;b()V"},"me/zero/clarinet/hook/mixin/gui/MixinGuiDisconnect":{"Lnet/minecraft/client/gui/GuiDisconnected;drawCenteredString(Lnet/minecraft/client/gui/FontRenderer;Ljava/lang/String;III)V":"Lbky;a(Lbip;Ljava/lang/String;III)V","actionPerformed":"Lbky;a(Lbja;)V","drawScreen":"Lbky;a(IIF)V","initGui":"Lbky;b()V"},"me/zero/clarinet/hook/mixin/gui/MixinGuiGameOver":{"actionPerformed":"Lbkv;a(Lbja;)V","drawScreen":"Lbkv;a(IIF)V","initGui":"Lbkv;b()V"},"me/zero/clarinet/hook/mixin/gui/MixinGuiIngame":{"Lnet/minecraft/client/gui/GuiNewChat;drawChat(I)V":"Lbjb;a(I)V","net/minecraft/client/Minecraft.getRenderViewEntity()Lnet/minecraft/entity/Entity;":"Lbib;aa()Lvg;","net/minecraft/client/settings/KeyBinding.isKeyDown()Z":"Lbhy;e()Z","renderGameOverlay":"Lbiq;a(F)V","renderPlayerStats":"Lbiq;d(Lbit;)V"},"me/zero/clarinet/hook/mixin/gui/MixinGuiIngameMenu":{"actionPerformed":"Lblg;a(Lbja;)V","drawScreen":"Lblg;a(IIF)V","initGui":"Lblg;b()V"},"me/zero/clarinet/hook/mixin/gui/MixinGuiMainMenu":{"Lnet/minecraft/client/gui/GuiMainMenu;drawGradientRect(IIIIII)V":"Lblr;a(IIIIII)V","Lnet/minecraft/client/gui/GuiScreen;drawScreen(IIF)V":"Lblk;a(IIF)V","actionPerformed":"Lblr;a(Lbja;)V","drawScreen":"Lblr;a(IIF)V","initGui":"Lblr;b()V","keyTyped":"Lblr;a(CI)V","renderSkybox":"Lblr;c(IIF)V"},"me/zero/clarinet/hook/mixin/gui/MixinGuiScreen":{"Lnet/minecraft/client/gui/GuiScreen;actionPerformed(Lnet/minecraft/client/gui/GuiButton;)V":"Lblk;a(Lbja;)V","mouseClicked":"Lblk;a(III)V"}},"searge":{"clientapi/load/mixin/MixinBlock":{"canCollideCheck":"Lnet/minecraft/block/Block;func_176209_a(Lnet/minecraft/block/state/IBlockState;Z)Z"},"clientapi/load/mixin/MixinEntity":{"applyEntityCollision":"Lnet/minecraft/entity/Entity;func_70108_f(Lnet/minecraft/entity/Entity;)V"},"clientapi/load/mixin/MixinEntityLivingBase":{"jump":"Lnet/minecraft/entity/EntityLivingBase;func_70664_aZ()V","net/minecraft/entity/EntityLivingBase.travel(FFF)V":"Lnet/minecraft/entity/EntityLivingBase;func_191986_a(FFF)V","onDeath":"Lnet/minecraft/entity/EntityLivingBase;func_70645_a(Lnet/minecraft/util/DamageSource;)V","onLivingUpdate":"Lnet/minecraft/entity/EntityLivingBase;func_70636_d()V"},"clientapi/load/mixin/MixinEntityPlayerSP":{"Lnet/minecraft/client/entity/EntityPlayerSP;onGround:Z":"Lnet/minecraft/client/entity/EntityPlayerSP;field_70122_E:Z","Lnet/minecraft/client/entity/EntityPlayerSP;posX:D":"Lnet/minecraft/client/entity/EntityPlayerSP;field_70165_t:D","Lnet/minecraft/client/entity/EntityPlayerSP;posZ:D":"Lnet/minecraft/client/entity/EntityPlayerSP;field_70161_v:D","Lnet/minecraft/client/entity/EntityPlayerSP;rotationPitch:F":"Lnet/minecraft/client/entity/EntityPlayerSP;field_70125_A:F","Lnet/minecraft/client/entity/EntityPlayerSP;rotationYaw:F":"Lnet/minecraft/client/entity/EntityPlayerSP;field_70177_z:F","Lnet/minecraft/client/network/NetHandlerPlayClient;sendPacket(Lnet/minecraft/network/Packet;)V":"Lnet/minecraft/client/network/NetHandlerPlayClient;func_147297_a(Lnet/minecraft/network/Packet;)V","Lnet/minecraft/util/math/AxisAlignedBB;minY:D":"Lnet/minecraft/util/math/AxisAlignedBB;field_72338_b:D","move":"Lnet/minecraft/client/entity/EntityPlayerSP;func_70091_d(Lnet/minecraft/entity/MoverType;DDD)V","net/minecraft/client/entity/AbstractClientPlayer.move(Lnet/minecraft/entity/MoverType;DDD)V":"Lnet/minecraft/client/entity/AbstractClientPlayer;func_70091_d(Lnet/minecraft/entity/MoverType;DDD)V","onLivingUpdate":"Lnet/minecraft/client/entity/EntityPlayerSP;func_70636_d()V","onUpdate":"Lnet/minecraft/client/entity/EntityPlayerSP;func_70071_h_()V","onUpdateWalkingPlayer":"Lnet/minecraft/client/entity/EntityPlayerSP;func_175161_p()V","sendChatMessage":"Lnet/minecraft/client/entity/EntityPlayerSP;func_71165_d(Ljava/lang/String;)V"},"clientapi/load/mixin/MixinEntityRenderer":{"Lnet/minecraft/block/state/IBlockState;getMaterial()Lnet/minecraft/block/material/Material;":"Lnet/minecraft/block/state/IBlockState;func_185904_a()Lnet/minecraft/block/material/Material;","displayItemActivation":"Lnet/minecraft/client/renderer/EntityRenderer;func_190565_a(Lnet/minecraft/item/ItemStack;)V","hurtCameraEffect":"Lnet/minecraft/client/renderer/EntityRenderer;func_78482_e(F)V","net/minecraft/client/gui/GuiIngame.renderGameOverlay(F)V":"Lnet/minecraft/client/gui/GuiIngame;func_175180_a(F)V","net/minecraft/client/renderer/OpenGlHelper.shadersSupported:Z":"Lnet/minecraft/client/renderer/OpenGlHelper;field_148824_g:Z","net/minecraft/profiler/Profiler.endStartSection(Ljava/lang/String;)V":"Lnet/minecraft/profiler/Profiler;func_76318_c(Ljava/lang/String;)V","renderWorldPass":"Lnet/minecraft/client/renderer/EntityRenderer;func_175068_a(IFJ)V","setupFog":"Lnet/minecraft/client/renderer/EntityRenderer;func_78468_a(IF)V","updateCameraAndRender":"Lnet/minecraft/client/renderer/EntityRenderer;func_181560_a(FJ)V"},"clientapi/load/mixin/MixinFontRenderer":{"getStringWidth":"Lnet/minecraft/client/gui/FontRenderer;func_78256_a(Ljava/lang/String;)I","renderStringAtPos":"Lnet/minecraft/client/gui/FontRenderer;func_78255_a(Ljava/lang/String;Z)V"},"clientapi/load/mixin/MixinGuiBossOverlay":{"renderBossHealth":"Lnet/minecraft/client/gui/GuiBossOverlay;func_184051_a()V"},"clientapi/load/mixin/MixinGuiIngame":{"net/minecraft/client/gui/GuiIngame.drawTexturedModalRect(IIIIII)V":"Lnet/minecraft/client/gui/GuiIngame;func_73729_b(IIIIII)V","net/minecraft/client/settings/GameSettings.attackIndicator:I":"Lnet/minecraft/client/settings/GameSettings;field_186716_M:I","net/minecraft/entity/player/EntityPlayer.getRidingEntity()Lnet/minecraft/entity/Entity;":"Lnet/minecraft/entity/player/EntityPlayer;func_184187_bx()Lnet/minecraft/entity/Entity;","net/minecraft/entity/player/EntityPlayer.getTotalArmorValue()I":"Lnet/minecraft/entity/player/EntityPlayer;func_70658_aO()I","net/minecraft/entity/player/EntityPlayer.isInsideOfMaterial(Lnet/minecraft/block/material/Material;)Z":"Lnet/minecraft/entity/player/EntityPlayer;func_70055_a(Lnet/minecraft/block/material/Material;)Z","net/minecraft/util/math/MathHelper.ceil(F)I":"Lnet/minecraft/util/math/MathHelper;func_76123_f(F)I","renderAttackIndicator":"Lnet/minecraft/client/gui/GuiIngame;func_184045_a(FLnet/minecraft/client/gui/ScaledResolution;)V","renderExpBar":"Lnet/minecraft/client/gui/GuiIngame;func_175176_b(Lnet/minecraft/client/gui/ScaledResolution;I)V","renderHorseJumpBar":"Lnet/minecraft/client/gui/GuiIngame;func_175186_a(Lnet/minecraft/client/gui/ScaledResolution;I)V","renderHotbar":"Lnet/minecraft/client/gui/GuiIngame;func_180479_a(Lnet/minecraft/client/gui/ScaledResolution;F)V","renderPlayerStats":"Lnet/minecraft/client/gui/GuiIngame;func_180477_d(Lnet/minecraft/client/gui/ScaledResolution;)V","renderPortal":"Lnet/minecraft/client/gui/GuiIngame;func_180474_b(FLnet/minecraft/client/gui/ScaledResolution;)V","renderPotionEffects":"Lnet/minecraft/client/gui/GuiIngame;func_184048_a(Lnet/minecraft/client/gui/ScaledResolution;)V","renderPumpkinOverlay":"Lnet/minecraft/client/gui/GuiIngame;func_180476_e(Lnet/minecraft/client/gui/ScaledResolution;)V","renderScoreboard":"Lnet/minecraft/client/gui/GuiIngame;func_180475_a(Lnet/minecraft/scoreboard/ScoreObjective;Lnet/minecraft/client/gui/ScaledResolution;)V","renderSelectedItem":"Lnet/minecraft/client/gui/GuiIngame;func_181551_a(Lnet/minecraft/client/gui/ScaledResolution;)V","renderVignette":"Lnet/minecraft/client/gui/GuiIngame;func_180480_a(FLnet/minecraft/client/gui/ScaledResolution;)V"},"clientapi/load/mixin/MixinGuiSpectator":{"renderSelectedItem":"Lnet/minecraft/client/gui/GuiSpectator;func_175263_a(Lnet/minecraft/client/gui/ScaledResolution;)V"},"clientapi/load/mixin/MixinItemRenderer":{"renderFireInFirstPerson":"Lnet/minecraft/client/renderer/ItemRenderer;func_78442_d()V","renderItemInFirstPerson(Lnet/minecraft/client/entity/AbstractClientPlayer;FFLnet/minecraft/util/EnumHand;FLnet/minecraft/item/ItemStack;F)V":"Lnet/minecraft/client/renderer/ItemRenderer;func_187457_a(Lnet/minecraft/client/entity/AbstractClientPlayer;FFLnet/minecraft/util/EnumHand;FLnet/minecraft/item/ItemStack;F)V"},"clientapi/load/mixin/MixinLayerArmorBase":{"renderEnchantedGlint":"Lnet/minecraft/client/renderer/entity/layers/LayerArmorBase;func_188364_a(Lnet/minecraft/client/renderer/entity/RenderLivingBase;Lnet/minecraft/entity/EntityLivingBase;Lnet/minecraft/client/model/ModelBase;FFFFFFF)V"},"clientapi/load/mixin/MixinMinecraft":{"displayGuiScreen":"Lnet/minecraft/client/Minecraft;func_147108_a(Lnet/minecraft/client/gui/GuiScreen;)V","init":"Lnet/minecraft/client/Minecraft;func_71384_a()V","loadWorld(Lnet/minecraft/client/multiplayer/WorldClient;Ljava/lang/String;)V":"Lnet/minecraft/client/Minecraft;func_71353_a(Lnet/minecraft/client/multiplayer/WorldClient;Ljava/lang/String;)V","rightClickDelayTimer":"field_71467_ac:I","runGameLoop":"Lnet/minecraft/client/Minecraft;func_71411_J()V","runTick":"Lnet/minecraft/client/Minecraft;func_71407_l()V","runTickKeyboard":"Lnet/minecraft/client/Minecraft;func_184118_az()V","runTickMouse":"Lnet/minecraft/client/Minecraft;func_184124_aB()V","session":"field_71449_j:Lnet/minecraft/util/Session;","shutdown":"Lnet/minecraft/client/Minecraft;func_71400_g()V","timer":"field_71428_T:Lnet/minecraft/util/Timer;"},"clientapi/load/mixin/MixinNetHandlerLoginClient":{"handleEncryptionRequest":"Lnet/minecraft/client/network/NetHandlerLoginClient;func_147389_a(Lnet/minecraft/network/login/server/SPacketEncryptionRequest;)V"},"clientapi/load/mixin/MixinNetHandlerPlayClient":{"handleChat":"Lnet/minecraft/client/network/NetHandlerPlayClient;func_147251_a(Lnet/minecraft/network/play/server/SPacketChat;)V","handleCombatEvent":"Lnet/minecraft/client/network/NetHandlerPlayClient;func_175098_a(Lnet/minecraft/network/play/server/SPacketCombatEvent;)V","net/minecraft/client/gui/GuiIngame.addChatMessage(Lnet/minecraft/util/text/ChatType;Lnet/minecraft/util/text/ITextComponent;)V":"Lnet/minecraft/client/gui/GuiIngame;func_191742_a(Lnet/minecraft/util/text/ChatType;Lnet/minecraft/util/text/ITextComponent;)V","net/minecraft/client/multiplayer/WorldClient.getEntityByID(I)Lnet/minecraft/entity/Entity;":"Lnet/minecraft/client/multiplayer/WorldClient;func_73045_a(I)Lnet/minecraft/entity/Entity;"},"clientapi/load/mixin/MixinNettyPacketDecoder":{"Lnet/minecraft/network/EnumConnectionState;getPacket(Lnet/minecraft/network/EnumPacketDirection;I)Lnet/minecraft/network/Packet;":"Lnet/minecraft/network/EnumConnectionState;func_179244_a(Lnet/minecraft/network/EnumPacketDirection;I)Lnet/minecraft/network/Packet;","decode":"Lnet/minecraft/network/NettyPacketDecoder;decode(Lio/netty/channel/ChannelHandlerContext;Lio/netty/buffer/ByteBuf;Ljava/util/List;)V"},"clientapi/load/mixin/MixinNettyPacketEncoder":{"encode":"Lnet/minecraft/network/NettyPacketEncoder;encode(Lio/netty/channel/ChannelHandlerContext;Lnet/minecraft/network/Packet;Lio/netty/buffer/ByteBuf;)V"},"clientapi/load/mixin/MixinNetworkManager":{"channelRead0":"Lnet/minecraft/network/NetworkManager;channelRead0(Lio/netty/channel/ChannelHandlerContext;Lnet/minecraft/network/Packet;)V","flushOutboundQueue":"Lnet/minecraft/network/NetworkManager;func_150733_h()V","net/minecraft/network/NetworkManager.dispatchPacket(Lnet/minecraft/network/Packet;[Lio/netty/util/concurrent/GenericFutureListener;)V":"Lnet/minecraft/network/NetworkManager;func_150732_b(Lnet/minecraft/network/Packet;[Lio/netty/util/concurrent/GenericFutureListener;)V","net/minecraft/network/NetworkManager.isChannelOpen()Z":"Lnet/minecraft/network/NetworkManager;func_150724_d()Z","net/minecraft/network/Packet.processPacket(Lnet/minecraft/network/INetHandler;)V":"Lnet/minecraft/network/Packet;func_148833_a(Lnet/minecraft/network/INetHandler;)V","sendPacket":"Lnet/minecraft/network/NetworkManager;func_179290_a(Lnet/minecraft/network/Packet;)V"},"clientapi/load/mixin/MixinParticleManager":{"net/minecraft/client/particle/IParticleFactory.createParticle(ILnet/minecraft/world/World;DDDDDD[I)Lnet/minecraft/client/particle/Particle;":"Lnet/minecraft/client/particle/IParticleFactory;func_178902_a(ILnet/minecraft/world/World;DDDDDD[I)Lnet/minecraft/client/particle/Particle;","spawnEffectParticle":"Lnet/minecraft/client/particle/ParticleManager;func_178927_a(IDDDDDD[I)Lnet/minecraft/client/particle/Particle;"},"clientapi/load/mixin/MixinRender":{"getTeamColor":"Lnet/minecraft/client/renderer/entity/Render;func_188298_c(Lnet/minecraft/entity/Entity;)I","renderLivingLabel":"Lnet/minecraft/client/renderer/entity/Render;func_147906_a(Lnet/minecraft/entity/Entity;Ljava/lang/String;DDDI)V"},"clientapi/load/mixin/MixinRenderItem":{"renderEffect":"Lnet/minecraft/client/renderer/RenderItem;func_191966_a(Lnet/minecraft/client/renderer/block/model/IBakedModel;)V"},"clientapi/load/mixin/MixinRenderLivingBase":{"net/minecraft/client/renderer/entity/layers/LayerRenderer.doRenderLayer(Lnet/minecraft/entity/EntityLivingBase;FFFFFFF)V":"Lnet/minecraft/client/renderer/entity/layers/LayerRenderer;func_177141_a(Lnet/minecraft/entity/EntityLivingBase;FFFFFFF)V","renderLayers":"Lnet/minecraft/client/renderer/entity/RenderLivingBase;func_177093_a(Lnet/minecraft/entity/EntityLivingBase;FFFFFFF)V"},"clientapi/load/mixin/MixinRenderManager":{"net/minecraft/client/renderer/entity/Render.setRenderOutlines(Z)V":"Lnet/minecraft/client/renderer/entity/Render;func_188297_a(Z)V","renderEntity":"Lnet/minecraft/client/renderer/entity/RenderManager;func_188391_a(Lnet/minecraft/entity/Entity;DDDFFZ)V"},"clientapi/load/mixin/MixinTimer":{"Lnet/minecraft/util/Timer;tickLength:F":"Lnet/minecraft/util/Timer;field_194149_e:F","updateTimer":"Lnet/minecraft/util/Timer;func_74275_a()V"},"me/zero/clarinet/hook/mixin/MixinAbstractClientPlayer":{"getLocationCape":"Lnet/minecraft/client/entity/AbstractClientPlayer;func_110303_q()Lnet/minecraft/util/ResourceLocation;"},"me/zero/clarinet/hook/mixin/MixinAbstractHorse":{"Lnet/minecraft/entity/passive/AbstractHorse;isHorseSaddled()Z":"Lnet/minecraft/entity/passive/AbstractHorse;func_110257_ck()Z","canBeSteered":"Lnet/minecraft/entity/passive/AbstractHorse;func_82171_bF()Z","canJump":"Lnet/minecraft/entity/passive/AbstractHorse;func_184776_b()Z","setJumpPower":"Lnet/minecraft/entity/passive/AbstractHorse;func_110206_u(I)V","travel":"Lnet/minecraft/entity/passive/AbstractHorse;func_191986_a(FFF)V"},"me/zero/clarinet/hook/mixin/MixinBlock":{"isFullBlock":"Lnet/minecraft/block/Block;func_149730_j(Lnet/minecraft/block/state/IBlockState;)Z"},"me/zero/clarinet/hook/mixin/MixinBlockBasePressurePlate":{"getCollisionBoundingBox":"Lnet/minecraft/block/BlockBasePressurePlate;func_180646_a(Lnet/minecraft/block/state/IBlockState;Lnet/minecraft/world/IBlockAccess;Lnet/minecraft/util/math/BlockPos;)Lnet/minecraft/util/math/AxisAlignedBB;"},"me/zero/clarinet/hook/mixin/MixinBlockCactus":{"getCollisionBoundingBox":"Lnet/minecraft/block/BlockCactus;func_180646_a(Lnet/minecraft/block/state/IBlockState;Lnet/minecraft/world/IBlockAccess;Lnet/minecraft/util/math/BlockPos;)Lnet/minecraft/util/math/AxisAlignedBB;","net/minecraft/block/BlockCactus.CACTUS_COLLISION_AABB:Lnet/minecraft/util/math/AxisAlignedBB;":"Lnet/minecraft/block/BlockCactus;field_185593_b:Lnet/minecraft/util/math/AxisAlignedBB;"},"me/zero/clarinet/hook/mixin/MixinBlockFire":{"getCollisionBoundingBox":"Lnet/minecraft/block/BlockFire;func_180646_a(Lnet/minecraft/block/state/IBlockState;Lnet/minecraft/world/IBlockAccess;Lnet/minecraft/util/math/BlockPos;)Lnet/minecraft/util/math/AxisAlignedBB;"},"me/zero/clarinet/hook/mixin/MixinBlockFluidRenderer":{"renderFluid":"Lnet/minecraft/client/renderer/BlockFluidRenderer;func_178270_a(Lnet/minecraft/world/IBlockAccess;Lnet/minecraft/block/state/IBlockState;Lnet/minecraft/util/math/BlockPos;Lnet/minecraft/client/renderer/BufferBuilder;)Z"},"me/zero/clarinet/hook/mixin/MixinBlockLiquid":{"canCollideCheck":"Lnet/minecraft/block/BlockLiquid;func_176209_a(Lnet/minecraft/block/state/IBlockState;Z)Z","getCollisionBoundingBox":"Lnet/minecraft/block/BlockLiquid;func_180646_a(Lnet/minecraft/block/state/IBlockState;Lnet/minecraft/world/IBlockAccess;Lnet/minecraft/util/math/BlockPos;)Lnet/minecraft/util/math/AxisAlignedBB;"},"me/zero/clarinet/hook/mixin/MixinBlockModelRenderer":{"net/minecraft/block/state/IBlockState.getPackedLightmapCoords(Lnet/minecraft/world/IBlockAccess;Lnet/minecraft/util/math/BlockPos;)I":"Lnet/minecraft/block/state/IBlockState;func_185889_a(Lnet/minecraft/world/IBlockAccess;Lnet/minecraft/util/math/BlockPos;)I","net/minecraft/client/Minecraft.isAmbientOcclusionEnabled()Z":"Lnet/minecraft/client/Minecraft;func_71379_u()Z","renderModel(Lnet/minecraft/world/IBlockAccess;Lnet/minecraft/client/renderer/block/model/IBakedModel;Lnet/minecraft/block/state/IBlockState;Lnet/minecraft/util/math/BlockPos;Lnet/minecraft/client/renderer/BufferBuilder;ZJ)Z":"Lnet/minecraft/client/renderer/BlockModelRenderer;func_187493_a(Lnet/minecraft/world/IBlockAccess;Lnet/minecraft/client/renderer/block/model/IBakedModel;Lnet/minecraft/block/state/IBlockState;Lnet/minecraft/util/math/BlockPos;Lnet/minecraft/client/renderer/BufferBuilder;ZJ)Z","renderModelFlat":"Lnet/minecraft/client/renderer/BlockModelRenderer;func_187497_c(Lnet/minecraft/world/IBlockAccess;Lnet/minecraft/client/renderer/block/model/IBakedModel;Lnet/minecraft/block/state/IBlockState;Lnet/minecraft/util/math/BlockPos;Lnet/minecraft/client/renderer/BufferBuilder;ZJ)Z"},"me/zero/clarinet/hook/mixin/MixinBlockShulkerBox":{"Lnet/minecraft/inventory/ItemStackHelper;loadAllItems(Lnet/minecraft/nbt/NBTTagCompound;Lnet/minecraft/util/NonNullList;)V":"Lnet/minecraft/inventory/ItemStackHelper;func_191283_b(Lnet/minecraft/nbt/NBTTagCompound;Lnet/minecraft/util/NonNullList;)V","addInformation":"Lnet/minecraft/block/BlockShulkerBox;func_190948_a(Lnet/minecraft/item/ItemStack;Lnet/minecraft/world/World;Ljava/util/List;Lnet/minecraft/client/util/ITooltipFlag;)V"},"me/zero/clarinet/hook/mixin/MixinBlockSlime":{"onEntityWalk":"Lnet/minecraft/block/BlockSlime;func_176199_a(Lnet/minecraft/world/World;Lnet/minecraft/util/math/BlockPos;Lnet/minecraft/entity/Entity;)V"},"me/zero/clarinet/hook/mixin/MixinBlockSoulSand":{"onEntityCollision":"Lnet/minecraft/block/BlockSoulSand;func_180634_a(Lnet/minecraft/world/World;Lnet/minecraft/util/math/BlockPos;Lnet/minecraft/block/state/IBlockState;Lnet/minecraft/entity/Entity;)V"},"me/zero/clarinet/hook/mixin/MixinDebugRendererChunkBorder":{"net/minecraft/client/Minecraft.player:Lnet/minecraft/client/entity/EntityPlayerSP;":"Lnet/minecraft/client/Minecraft;field_71439_g:Lnet/minecraft/client/entity/EntityPlayerSP;","render":"Lnet/minecraft/client/renderer/debug/DebugRendererChunkBorder;func_190060_a(FJ)V"},"me/zero/clarinet/hook/mixin/MixinEntity":{"move":"Lnet/minecraft/entity/Entity;func_70091_d(Lnet/minecraft/entity/MoverType;DDD)V","net/minecraft/entity/Entity.isSneaking()Z":"Lnet/minecraft/entity/Entity;func_70093_af()Z","net/minecraft/entity/Entity.stepHeight:F":"Lnet/minecraft/entity/Entity;field_70138_W:F"},"me/zero/clarinet/hook/mixin/MixinEntityLivingBase":{"net/minecraft/entity/EntityLivingBase.onGround:Z":"Lnet/minecraft/entity/EntityLivingBase;field_70122_E:Z","onLivingUpdate":"Lnet/minecraft/entity/EntityLivingBase;func_70636_d()V","travel":"Lnet/minecraft/entity/EntityLivingBase;func_191986_a(FFF)V"},"me/zero/clarinet/hook/mixin/MixinEntityLlama":{"canBeSteered":"Lnet/minecraft/entity/passive/EntityLlama;func_82171_bF()Z"},"me/zero/clarinet/hook/mixin/MixinEntityPig":{"canBeSteered":"Lnet/minecraft/entity/passive/EntityPig;func_82171_bF()Z"},"me/zero/clarinet/hook/mixin/MixinEntityPlayer":{"attackTargetEntityWithCurrentItem":"Lnet/minecraft/entity/player/EntityPlayer;func_71059_n(Lnet/minecraft/entity/Entity;)V","net/minecraft/entity/player/EntityPlayer.setSprinting(Z)V":"Lnet/minecraft/entity/player/EntityPlayer;func_70031_b(Z)V"},"me/zero/clarinet/hook/mixin/MixinEntityPlayerSP":{"isCurrentViewEntity":"Lnet/minecraft/client/entity/EntityPlayerSP;func_175160_A()Z","isUser":"Lnet/minecraft/client/entity/EntityPlayerSP;func_175144_cb()Z","net/minecraft/client/entity/AbstractClientPlayer.setSprinting(Z)V":"Lnet/minecraft/client/entity/AbstractClientPlayer;func_70031_b(Z)V","net/minecraft/client/entity/EntityPlayerSP.autoJumpTime:I":"Lnet/minecraft/client/entity/EntityPlayerSP;field_189812_cs:I","net/minecraft/client/entity/EntityPlayerSP.isHandActive()Z":"Lnet/minecraft/client/entity/EntityPlayerSP;func_184587_cr()Z","net/minecraft/client/entity/EntityPlayerSP.sprintToggleTimer:I":"Lnet/minecraft/client/entity/EntityPlayerSP;field_71156_d:I","net/minecraft/client/gui/GuiScreen.doesGuiPauseGame()Z":"Lnet/minecraft/client/gui/GuiScreen;func_73868_f()Z","net/minecraft/util/MovementInput.updatePlayerMoveState()V":"Lnet/minecraft/util/MovementInput;func_78898_a()V","onLivingUpdate":"Lnet/minecraft/client/entity/EntityPlayerSP;func_70636_d()V","setSprinting":"Lnet/minecraft/client/entity/EntityPlayerSP;func_70031_b(Z)V"},"me/zero/clarinet/hook/mixin/MixinEntityRenderer":{"Lnet/minecraft/client/multiplayer/WorldClient;rayTraceBlocks(Lnet/minecraft/util/math/Vec3d;Lnet/minecraft/util/math/Vec3d;)Lnet/minecraft/util/math/RayTraceResult;":"Lnet/minecraft/client/multiplayer/WorldClient;func_72933_a(Lnet/minecraft/util/math/Vec3d;Lnet/minecraft/util/math/Vec3d;)Lnet/minecraft/util/math/RayTraceResult;","Lnet/minecraft/client/renderer/texture/DynamicTexture;updateDynamicTexture()V":"Lnet/minecraft/client/renderer/texture/DynamicTexture;func_110564_a()V","getMouseOver":"Lnet/minecraft/client/renderer/EntityRenderer;func_78473_a(F)V","net/minecraft/client/entity/EntityPlayerSP.turn(FF)V":"Lnet/minecraft/client/entity/EntityPlayerSP;func_70082_c(FF)V","net/minecraft/client/renderer/GlStateManager.matrixMode(I)V":"Lnet/minecraft/client/renderer/GlStateManager;func_179128_n(I)V","net/minecraft/client/renderer/GlStateManager.shadeModel(I)V":"Lnet/minecraft/client/renderer/GlStateManager;func_179103_j(I)V","net/minecraft/client/settings/GameSettings.gammaSetting:F":"Lnet/minecraft/client/settings/GameSettings;field_74333_Y:F","net/minecraft/entity/Entity.getCollisionBorderSize()F":"Lnet/minecraft/entity/Entity;func_70111_Y()F","net/minecraft/entity/Entity.prevRotationPitch:F":"Lnet/minecraft/entity/Entity;field_70127_C:F","net/minecraft/entity/Entity.prevRotationYaw:F":"Lnet/minecraft/entity/Entity;field_70126_B:F","net/minecraft/entity/Entity.rotationPitch:F":"Lnet/minecraft/entity/Entity;field_70125_A:F","net/minecraft/entity/Entity.rotationYaw:F":"Lnet/minecraft/entity/Entity;field_70177_z:F","net/minecraft/util/MouseHelper.mouseXYChange()V":"Lnet/minecraft/util/MouseHelper;func_74374_c()V","orientCamera":"Lnet/minecraft/client/renderer/EntityRenderer;func_78467_g(F)V","renderWorldPass":"Lnet/minecraft/client/renderer/EntityRenderer;func_175068_a(IFJ)V","updateCameraAndRender":"Lnet/minecraft/client/renderer/EntityRenderer;func_181560_a(FJ)V","updateLightmap":"Lnet/minecraft/client/renderer/EntityRenderer;func_78472_g(F)V"},"me/zero/clarinet/hook/mixin/MixinFramebuffer":{"createFramebuffer":"Lnet/minecraft/client/shader/Framebuffer;func_147605_b(II)V","framebufferRenderExt":"Lnet/minecraft/client/shader/Framebuffer;func_178038_a(IIZ)V","net/minecraft/client/renderer/GlStateManager.colorMask(ZZZZ)V":"Lnet/minecraft/client/renderer/GlStateManager;func_179135_a(ZZZZ)V","net/minecraft/client/renderer/OpenGlHelper.glFramebufferRenderbuffer(IIII)V":"Lnet/minecraft/client/renderer/OpenGlHelper;func_153190_b(IIII)V","net/minecraft/client/renderer/OpenGlHelper.glRenderbufferStorage(IIII)V":"Lnet/minecraft/client/renderer/OpenGlHelper;func_153186_a(IIII)V"},"me/zero/clarinet/hook/mixin/MixinGuiOverlayDebug":{"call":"Lnet/minecraft/client/gui/GuiOverlayDebug;call()Ljava/util/List;","net/minecraft/client/Minecraft.getVersion()Ljava/lang/String;":"Lnet/minecraft/client/Minecraft;func_175600_c()Ljava/lang/String;"},"me/zero/clarinet/hook/mixin/MixinItemBlock":{"net/minecraft/world/World.setBlockState(Lnet/minecraft/util/math/BlockPos;Lnet/minecraft/block/state/IBlockState;I)Z":"Lnet/minecraft/world/World;func_180501_a(Lnet/minecraft/util/math/BlockPos;Lnet/minecraft/block/state/IBlockState;I)Z","onItemUse":"Lnet/minecraft/item/ItemBlock;func_180614_a(Lnet/minecraft/entity/player/EntityPlayer;Lnet/minecraft/world/World;Lnet/minecraft/util/math/BlockPos;Lnet/minecraft/util/EnumHand;Lnet/minecraft/util/EnumFacing;FFF)Lnet/minecraft/util/EnumActionResult;"},"me/zero/clarinet/hook/mixin/MixinItemStack":{"<init>(Lnet/minecraft/item/Item;II)V":"Lnet/minecraft/item/ItemStack;<init>(Lnet/minecraft/item/Item;II)V","Lnet/minecraft/item/ItemStack;getItemDamage()I":"Lnet/minecraft/item/ItemStack;func_77952_i()I","getTooltip":"Lnet/minecraft/item/ItemStack;func_82840_a(Lnet/minecraft/entity/player/EntityPlayer;Lnet/minecraft/client/util/ITooltipFlag;)Ljava/util/List;","net/minecraft/client/util/ITooltipFlag.isAdvanced()Z":"Lnet/minecraft/client/util/ITooltipFlag;func_194127_a()Z","net/minecraft/item/ItemStack.isItemDamaged()Z":"Lnet/minecraft/item/ItemStack;func_77951_h()Z"},"me/zero/clarinet/hook/mixin/MixinLayerArmorBase":{"net/minecraft/client/renderer/GlStateManager.color(FFFF)V":"Lnet/minecraft/client/renderer/GlStateManager;func_179131_c(FFFF)V","renderEnchantedGlint":"Lnet/minecraft/client/renderer/entity/layers/LayerArmorBase;func_188364_a(Lnet/minecraft/client/renderer/entity/RenderLivingBase;Lnet/minecraft/entity/EntityLivingBase;Lnet/minecraft/client/model/ModelBase;FFFFFFF)V"},"me/zero/clarinet/hook/mixin/MixinMinecraft":{"getLimitFramerate":"Lnet/minecraft/client/Minecraft;func_90020_K()I","setServerData":"Lnet/minecraft/client/Minecraft;func_71351_a(Lnet/minecraft/client/multiplayer/ServerData;)V"},"me/zero/clarinet/hook/mixin/MixinModelPlayer":{"net/minecraft/client/model/ModelBiped.setRotationAngles(FFFFFFLnet/minecraft/entity/Entity;)V":"Lnet/minecraft/client/model/ModelBiped;func_78087_a(FFFFFFLnet/minecraft/entity/Entity;)V","setRotationAngles":"Lnet/minecraft/client/model/ModelPlayer;func_78087_a(FFFFFFLnet/minecraft/entity/Entity;)V"},"me/zero/clarinet/hook/mixin/MixinNetworkManager":{"exceptionCaught":"Lnet/minecraft/network/NetworkManager;exceptionCaught(Lio/netty/channel/ChannelHandlerContext;Ljava/lang/Throwable;)V"},"me/zero/clarinet/hook/mixin/MixinPacketThreadUtil":{"checkThreadAndEnqueue":"Lnet/minecraft/network/PacketThreadUtil;func_180031_a(Lnet/minecraft/network/Packet;Lnet/minecraft/network/INetHandler;Lnet/minecraft/util/IThreadListener;)V","net/minecraft/util/IThreadListener.addScheduledTask(Ljava/lang/Runnable;)Lcom/google/common/util/concurrent/ListenableFuture;":"Lnet/minecraft/util/IThreadListener;func_152344_a(Ljava/lang/Runnable;)Lcom/google/common/util/concurrent/ListenableFuture;"},"me/zero/clarinet/hook/mixin/MixinPlayerControllerMP":{"attackEntity":"Lnet/minecraft/client/multiplayer/PlayerControllerMP;func_78764_a(Lnet/minecraft/entity/player/EntityPlayer;Lnet/minecraft/entity/Entity;)V","clickBlock":"Lnet/minecraft/client/multiplayer/PlayerControllerMP;func_180511_b(Lnet/minecraft/util/math/BlockPos;Lnet/minecraft/util/EnumFacing;)Z","net/minecraft/client/multiplayer/PlayerControllerMP.blockHitDelay:I":"Lnet/minecraft/client/multiplayer/PlayerControllerMP;field_78781_i:I","net/minecraft/world/World.setBlockState(Lnet/minecraft/util/math/BlockPos;Lnet/minecraft/block/state/IBlockState;I)Z":"Lnet/minecraft/world/World;func_180501_a(Lnet/minecraft/util/math/BlockPos;Lnet/minecraft/block/state/IBlockState;I)Z","onPlayerDamageBlock":"Lnet/minecraft/client/multiplayer/PlayerControllerMP;func_180512_c(Lnet/minecraft/util/math/BlockPos;Lnet/minecraft/util/EnumFacing;)Z","onPlayerDestroyBlock":"Lnet/minecraft/client/multiplayer/PlayerControllerMP;func_187103_a(Lnet/minecraft/util/math/BlockPos;)Z"},"me/zero/clarinet/hook/mixin/MixinRenderItem":{"net/minecraft/client/renderer/GlStateManager.color(FFFF)V":"Lnet/minecraft/client/renderer/GlStateManager;func_179131_c(FFFF)V","net/minecraft/client/renderer/RenderItem.renderModel(Lnet/minecraft/client/renderer/block/model/IBakedModel;I)V":"Lnet/minecraft/client/renderer/RenderItem;func_191965_a(Lnet/minecraft/client/renderer/block/model/IBakedModel;I)V","renderEffect":"Lnet/minecraft/client/renderer/RenderItem;func_191966_a(Lnet/minecraft/client/renderer/block/model/IBakedModel;)V","renderItem(Lnet/minecraft/item/ItemStack;Lnet/minecraft/client/renderer/block/model/IBakedModel;)V":"Lnet/minecraft/client/renderer/RenderItem;func_180454_a(Lnet/minecraft/item/ItemStack;Lnet/minecraft/client/renderer/block/model/IBakedModel;)V"},"me/zero/clarinet/hook/mixin/MixinRenderLivingBase":{"canRenderName":"Lnet/minecraft/client/renderer/entity/RenderLivingBase;func_177070_b(Lnet/minecraft/entity/EntityLivingBase;)Z"},"me/zero/clarinet/hook/mixin/MixinRenderManager":{"net/minecraft/entity/Entity.getEntityBoundingBox()Lnet/minecraft/util/math/AxisAlignedBB;":"Lnet/minecraft/entity/Entity;func_174813_aQ()Lnet/minecraft/util/math/AxisAlignedBB;","renderDebugBoundingBox":"Lnet/minecraft/client/renderer/entity/RenderManager;func_85094_b(Lnet/minecraft/entity/Entity;DDDFF)V"},"me/zero/clarinet/hook/mixin/MixinVisGraph":{"setOpaqueCube":"Lnet/minecraft/client/renderer/chunk/VisGraph;func_178606_a(Lnet/minecraft/util/math/BlockPos;)V"},"me/zero/clarinet/hook/mixin/MixinWorld":{"checkLightFor":"Lnet/minecraft/world/World;func_180500_c(Lnet/minecraft/world/EnumSkyBlock;Lnet/minecraft/util/math/BlockPos;)Z","net/minecraft/block/state/IBlockState.getMaterial()Lnet/minecraft/block/material/Material;":"Lnet/minecraft/block/state/IBlockState;func_185904_a()Lnet/minecraft/block/material/Material;","rayTraceBlocks(Lnet/minecraft/util/math/Vec3d;Lnet/minecraft/util/math/Vec3d;ZZZ)Lnet/minecraft/util/math/RayTraceResult;":"Lnet/minecraft/world/World;func_147447_a(Lnet/minecraft/util/math/Vec3d;Lnet/minecraft/util/math/Vec3d;ZZZ)Lnet/minecraft/util/math/RayTraceResult;"},"me/zero/clarinet/hook/mixin/accessor/AccessorCPacketCloseWindow":{"windowId":"field_149556_a:I"},"me/zero/clarinet/hook/mixin/accessor/AccessorCPacketPlayer":{"X":"field_149479_a:D","Y":"field_149477_b:D","Z":"field_149478_c:D","onGround":"field_149474_g:Z","pitch":"field_149473_f:F","yaw":"field_149476_e:F"},"me/zero/clarinet/hook/mixin/accessor/AccessorCPacketPlayerTryUseItemOnBlock":{"placedBlockDirection":"field_149579_d:Lnet/minecraft/util/EnumFacing;"},"me/zero/clarinet/hook/mixin/accessor/AccessorEntity":{"inWater":"field_70171_ac:Z","isInWeb":"field_70134_J:Z"},"me/zero/clarinet/hook/mixin/accessor/AccessorGuiPlayerTabOverlay":{"footer":"field_175255_h:Lnet/minecraft/util/text/ITextComponent;"},"me/zero/clarinet/hook/mixin/accessor/AccessorIGameType":{"shortName":"field_185330_h:Ljava/lang/String;"},"me/zero/clarinet/hook/mixin/accessor/AccessorItemRenderer":{"transformFirstPerson":"func_187453_a(Lnet/minecraft/util/EnumHandSide;F)V","transformSideFirstPerson":"func_187459_b(Lnet/minecraft/util/EnumHandSide;F)V"},"me/zero/clarinet/hook/mixin/accessor/AccessorKeyBinding":{"pressed":"field_74513_e:Z"},"me/zero/clarinet/hook/mixin/accessor/AccessorRenderManager":{"renderPosX":"field_78725_b:D","renderPosY":"field_78726_c:D","renderPosZ":"field_78723_d:D"},"me/zero/clarinet/hook/mixin/accessor/AccessorSPacketEntityVelocity":{"entityID":"field_149417_a:I","motionX":"field_149415_b:I","motionY":"field_149416_c:I","motionZ":"field_149414_d:I"},"me/zero/clarinet/hook/mixin/accessor/AccessorSPacketExplosion":{"motionX":"field_149152_f:F","motionY":"field_149153_g:F","motionZ":"field_149159_h:F"},"me/zero/clarinet/hook/mixin/accessor/AccessorSPacketPlayerPosLook":{"pitch":"field_148937_e:F","yaw":"field_148936_d:F"},"me/zero/clarinet/hook/mixin/accessor/AccessorShaderGroup":{"listFramebuffers":"field_148029_f:Ljava/util/List;","listShaders":"field_148031_d:Ljava/util/List;"},"me/zero/clarinet/hook/mixin/accessor/AccessorWorldInfo":{"randomSeed":"field_76100_a:J"},"me/zero/clarinet/hook/mixin/gui/MixinGuiChat":{"drawScreen":"Lnet/minecraft/client/gui/GuiChat;func_73863_a(IIF)V"},"me/zero/clarinet/hook/mixin/gui/MixinGuiChest":{"drawScreen":"Lnet/minecraft/client/gui/inventory/GuiChest;func_73863_a(IIF)V"},"me/zero/clarinet/hook/mixin/gui/MixinGuiCustomizeSkin":{"drawScreen":"Lnet/minecraft/client/gui/GuiCustomizeSkin;func_73863_a(IIF)V","initGui":"Lnet/minecraft/client/gui/GuiCustomizeSkin;func_73866_w_()V"},"me/zero/clarinet/hook/mixin/gui/MixinGuiDisconnect":{"Lnet/minecraft/client/gui/GuiDisconnected;drawCenteredString(Lnet/minecraft/client/gui/FontRenderer;Ljava/lang/String;III)V":"Lnet/minecraft/client/gui/GuiDisconnected;func_73732_a(Lnet/minecraft/client/gui/FontRenderer;Ljava/lang/String;III)V","actionPerformed":"Lnet/minecraft/client/gui/GuiDisconnected;func_146284_a(Lnet/minecraft/client/gui/GuiButton;)V","drawScreen":"Lnet/minecraft/client/gui/GuiDisconnected;func_73863_a(IIF)V","initGui":"Lnet/minecraft/client/gui/GuiDisconnected;func_73866_w_()V"},"me/zero/clarinet/hook/mixin/gui/MixinGuiGameOver":{"actionPerformed":"Lnet/minecraft/client/gui/GuiGameOver;func_146284_a(Lnet/minecraft/client/gui/GuiButton;)V","drawScreen":"Lnet/minecraft/client/gui/GuiGameOver;func_73863_a(IIF)V","initGui":"Lnet/minecraft/client/gui/GuiGameOver;func_73866_w_()V"},"me/zero/clarinet/hook/mixin/gui/MixinGuiIngame":{"Lnet/minecraft/client/gui/GuiNewChat;drawChat(I)V":"Lnet/minecraft/client/gui/GuiNewChat;func_146230_a(I)V","net/minecraft/client/Minecraft.getRenderViewEntity()Lnet/minecraft/entity/Entity;":"Lnet/minecraft/client/Minecraft;func_175606_aa()Lnet/minecraft/entity/Entity;","net/minecraft/client/settings/KeyBinding.isKeyDown()Z":"Lnet/minecraft/client/settings/KeyBinding;func_151470_d()Z","renderGameOverlay":"Lnet/minecraft/client/gui/GuiIngame;func_175180_a(F)V","renderPlayerStats":"Lnet/minecraft/client/gui/GuiIngame;func_180477_d(Lnet/minecraft/client/gui/ScaledResolution;)V"},"me/zero/clarinet/hook/mixin/gui/MixinGuiIngameMenu":{"actionPerformed":"Lnet/minecraft/client/gui/GuiIngameMenu;func_146284_a(Lnet/minecraft/client/gui/GuiButton;)V","drawScreen":"Lnet/minecraft/client/gui/GuiIngameMenu;func_73863_a(IIF)V","initGui":"Lnet/minecraft/client/gui/GuiIngameMenu;func_73866_w_()V"},"me/zero/clarinet/hook/mixin/gui/MixinGuiMainMenu":{"Lnet/minecraft/client/gui/GuiMainMenu;drawGradientRect(IIIIII)V":"Lnet/minecraft/client/gui/GuiMainMenu;func_73733_a(IIIIII)V","Lnet/minecraft/client/gui/GuiScreen;drawScreen(IIF)V":"Lnet/minecraft/client/gui/GuiScreen;func_73863_a(IIF)V","actionPerformed":"Lnet/minecraft/client/gui/GuiMainMenu;func_146284_a(Lnet/minecraft/client/gui/GuiButton;)V","drawScreen":"Lnet/minecraft/client/gui/GuiMainMenu;func_73863_a(IIF)V","initGui":"Lnet/minecraft/client/gui/GuiMainMenu;func_73866_w_()V","keyTyped":"Lnet/minecraft/client/gui/GuiMainMenu;func_73869_a(CI)V","renderSkybox":"Lnet/minecraft/client/gui/GuiMainMenu;func_73971_c(IIF)V"},"me/zero/clarinet/hook/mixin/gui/MixinGuiScreen":{"Lnet/minecraft/client/gui/GuiScreen;actionPerformed(Lnet/minecraft/client/gui/GuiButton;)V":"Lnet/minecraft/client/gui/GuiScreen;func_146284_a(Lnet/minecraft/client/gui/GuiButton;)V","mouseClicked":"Lnet/minecraft/client/gui/GuiScreen;func_73864_a(III)V"}}},"mappings":{"clientapi/load/mixin/MixinBlock":{"canCollideCheck":"Lnet/minecraft/block/Block;func_176209_a(Lnet/minecraft/block/state/IBlockState;Z)Z"},"clientapi/load/mixin/MixinEntity":{"applyEntityCollision":"Lnet/minecraft/entity/Entity;func_70108_f(Lnet/minecraft/entity/Entity;)V"},"clientapi/load/mixin/MixinEntityLivingBase":{"jump":"Lnet/minecraft/entity/EntityLivingBase;func_70664_aZ()V","net/minecraft/entity/EntityLivingBase.travel(FFF)V":"Lnet/minecraft/entity/EntityLivingBase;func_191986_a(FFF)V","onDeath":"Lnet/minecraft/entity/EntityLivingBase;func_70645_a(Lnet/minecraft/util/DamageSource;)V","onLivingUpdate":"Lnet/minecraft/entity/EntityLivingBase;func_70636_d()V"},"clientapi/load/mixin/MixinEntityPlayerSP":{"Lnet/minecraft/client/entity/EntityPlayerSP;onGround:Z":"Lnet/minecraft/client/entity/EntityPlayerSP;field_70122_E:Z","Lnet/minecraft/client/entity/EntityPlayerSP;posX:D":"Lnet/minecraft/client/entity/EntityPlayerSP;field_70165_t:D","Lnet/minecraft/client/entity/EntityPlayerSP;posZ:D":"Lnet/minecraft/client/entity/EntityPlayerSP;field_70161_v:D","Lnet/minecraft/client/entity/EntityPlayerSP;rotationPitch:F":"Lnet/minecraft/client/entity/EntityPlayerSP;field_70125_A:F","Lnet/minecraft/client/entity/EntityPlayerSP;rotationYaw:F":"Lnet/minecraft/client/entity/EntityPlayerSP;field_70177_z:F","Lnet/minecraft/client/network/NetHandlerPlayClient;sendPacket(Lnet/minecraft/network/Packet;)V":"Lnet/minecraft/client/network/NetHandlerPlayClient;func_147297_a(Lnet/minecraft/network/Packet;)V","Lnet/minecraft/util/math/AxisAlignedBB;minY:D":"Lnet/minecraft/util/math/AxisAlignedBB;field_72338_b:D","move":"Lnet/minecraft/client/entity/EntityPlayerSP;func_70091_d(Lnet/minecraft/entity/MoverType;DDD)V","net/minecraft/client/entity/AbstractClientPlayer.move(Lnet/minecraft/entity/MoverType;DDD)V":"Lnet/minecraft/client/entity/AbstractClientPlayer;func_70091_d(Lnet/minecraft/entity/MoverType;DDD)V","onLivingUpdate":"Lnet/minecraft/client/entity/EntityPlayerSP;func_70636_d()V","onUpdate":"Lnet/minecraft/client/entity/EntityPlayerSP;func_70071_h_()V","onUpdateWalkingPlayer":"Lnet/minecraft/client/entity/EntityPlayerSP;func_175161_p()V","sendChatMessage":"Lnet/minecraft/client/entity/EntityPlayerSP;func_71165_d(Ljava/lang/String;)V"},"clientapi/load/mixin/MixinEntityRenderer":{"Lnet/minecraft/block/state/IBlockState;getMaterial()Lnet/minecraft/block/material/Material;":"Lnet/minecraft/block/state/IBlockState;func_185904_a()Lnet/minecraft/block/material/Material;","displayItemActivation":"Lnet/minecraft/client/renderer/EntityRenderer;func_190565_a(Lnet/minecraft/item/ItemStack;)V","hurtCameraEffect":"Lnet/minecraft/client/renderer/EntityRenderer;func_78482_e(F)V","net/minecraft/client/gui/GuiIngame.renderGameOverlay(F)V":"Lnet/minecraft/client/gui/GuiIngame;func_175180_a(F)V","net/minecraft/client/renderer/OpenGlHelper.shadersSupported:Z":"Lnet/minecraft/client/renderer/OpenGlHelper;field_148824_g:Z","net/minecraft/profiler/Profiler.endStartSection(Ljava/lang/String;)V":"Lnet/minecraft/profiler/Profiler;func_76318_c(Ljava/lang/String;)V","renderWorldPass":"Lnet/minecraft/client/renderer/EntityRenderer;func_175068_a(IFJ)V","setupFog":"Lnet/minecraft/client/renderer/EntityRenderer;func_78468_a(IF)V","updateCameraAndRender":"Lnet/minecraft/client/renderer/EntityRenderer;func_181560_a(FJ)V"},"clientapi/load/mixin/MixinFontRenderer":{"getStringWidth":"Lnet/minecraft/client/gui/FontRenderer;func_78256_a(Ljava/lang/String;)I","renderStringAtPos":"Lnet/minecraft/client/gui/FontRenderer;func_78255_a(Ljava/lang/String;Z)V"},"clientapi/load/mixin/MixinGuiBossOverlay":{"renderBossHealth":"Lnet/minecraft/client/gui/GuiBossOverlay;func_184051_a()V"},"clientapi/load/mixin/MixinGuiIngame":{"net/minecraft/client/gui/GuiIngame.drawTexturedModalRect(IIIIII)V":"Lnet/minecraft/client/gui/GuiIngame;func_73729_b(IIIIII)V","net/minecraft/client/settings/GameSettings.attackIndicator:I":"Lnet/minecraft/client/settings/GameSettings;field_186716_M:I","net/minecraft/entity/player/EntityPlayer.getRidingEntity()Lnet/minecraft/entity/Entity;":"Lnet/minecraft/entity/player/EntityPlayer;func_184187_bx()Lnet/minecraft/entity/Entity;","net/minecraft/entity/player/EntityPlayer.getTotalArmorValue()I":"Lnet/minecraft/entity/player/EntityPlayer;func_70658_aO()I","net/minecraft/entity/player/EntityPlayer.isInsideOfMaterial(Lnet/minecraft/block/material/Material;)Z":"Lnet/minecraft/entity/player/EntityPlayer;func_70055_a(Lnet/minecraft/block/material/Material;)Z","net/minecraft/util/math/MathHelper.ceil(F)I":"Lnet/minecraft/util/math/MathHelper;func_76123_f(F)I","renderAttackIndicator":"Lnet/minecraft/client/gui/GuiIngame;func_184045_a(FLnet/minecraft/client/gui/ScaledResolution;)V","renderExpBar":"Lnet/minecraft/client/gui/GuiIngame;func_175176_b(Lnet/minecraft/client/gui/ScaledResolution;I)V","renderHorseJumpBar":"Lnet/minecraft/client/gui/GuiIngame;func_175186_a(Lnet/minecraft/client/gui/ScaledResolution;I)V","renderHotbar":"Lnet/minecraft/client/gui/GuiIngame;func_180479_a(Lnet/minecraft/client/gui/ScaledResolution;F)V","renderPlayerStats":"Lnet/minecraft/client/gui/GuiIngame;func_180477_d(Lnet/minecraft/client/gui/ScaledResolution;)V","renderPortal":"Lnet/minecraft/client/gui/GuiIngame;func_180474_b(FLnet/minecraft/client/gui/ScaledResolution;)V","renderPotionEffects":"Lnet/minecraft/client/gui/GuiIngame;func_184048_a(Lnet/minecraft/client/gui/ScaledResolution;)V","renderPumpkinOverlay":"Lnet/minecraft/client/gui/GuiIngame;func_180476_e(Lnet/minecraft/client/gui/ScaledResolution;)V","renderScoreboard":"Lnet/minecraft/client/gui/GuiIngame;func_180475_a(Lnet/minecraft/scoreboard/ScoreObjective;Lnet/minecraft/client/gui/ScaledResolution;)V","renderSelectedItem":"Lnet/minecraft/client/gui/GuiIngame;func_181551_a(Lnet/minecraft/client/gui/ScaledResolution;)V","renderVignette":"Lnet/minecraft/client/gui/GuiIngame;func_180480_a(FLnet/minecraft/client/gui/ScaledResolution;)V"},"clientapi/load/mixin/MixinGuiSpectator":{"renderSelectedItem":"Lnet/minecraft/client/gui/GuiSpectator;func_175263_a(Lnet/minecraft/client/gui/ScaledResolution;)V"},"clientapi/load/mixin/MixinItemRenderer":{"renderFireInFirstPerson":"Lnet/minecraft/client/renderer/ItemRenderer;func_78442_d()V","renderItemInFirstPerson(Lnet/minecraft/client/entity/AbstractClientPlayer;FFLnet/minecraft/util/EnumHand;FLnet/minecraft/item/ItemStack;F)V":"Lnet/minecraft/client/renderer/ItemRenderer;func_187457_a(Lnet/minecraft/client/entity/AbstractClientPlayer;FFLnet/minecraft/util/EnumHand;FLnet/minecraft/item/ItemStack;F)V"},"clientapi/load/mixin/MixinLayerArmorBase":{"renderEnchantedGlint":"Lnet/minecraft/client/renderer/entity/layers/LayerArmorBase;func_188364_a(Lnet/minecraft/client/renderer/entity/RenderLivingBase;Lnet/minecraft/entity/EntityLivingBase;Lnet/minecraft/client/model/ModelBase;FFFFFFF)V"},"clientapi/load/mixin/MixinMinecraft":{"displayGuiScreen":"Lnet/minecraft/client/Minecraft;func_147108_a(Lnet/minecraft/client/gui/GuiScreen;)V","init":"Lnet/minecraft/client/Minecraft;func_71384_a()V","loadWorld(Lnet/minecraft/client/multiplayer/WorldClient;Ljava/lang/String;)V":"Lnet/minecraft/client/Minecraft;func_71353_a(Lnet/minecraft/client/multiplayer/WorldClient;Ljava/lang/String;)V","rightClickDelayTimer":"field_71467_ac:I","runGameLoop":"Lnet/minecraft/client/Minecraft;func_71411_J()V","runTick":"Lnet/minecraft/client/Minecraft;func_71407_l()V","runTickKeyboard":"Lnet/minecraft/client/Minecraft;func_184118_az()V","runTickMouse":"Lnet/minecraft/client/Minecraft;func_184124_aB()V","session":"field_71449_j:Lnet/minecraft/util/Session;","shutdown":"Lnet/minecraft/client/Minecraft;func_71400_g()V","timer":"field_71428_T:Lnet/minecraft/util/Timer;"},"clientapi/load/mixin/MixinNetHandlerLoginClient":{"handleEncryptionRequest":"Lnet/minecraft/client/network/NetHandlerLoginClient;func_147389_a(Lnet/minecraft/network/login/server/SPacketEncryptionRequest;)V"},"clientapi/load/mixin/MixinNetHandlerPlayClient":{"handleChat":"Lnet/minecraft/client/network/NetHandlerPlayClient;func_147251_a(Lnet/minecraft/network/play/server/SPacketChat;)V","handleCombatEvent":"Lnet/minecraft/client/network/NetHandlerPlayClient;func_175098_a(Lnet/minecraft/network/play/server/SPacketCombatEvent;)V","net/minecraft/client/gui/GuiIngame.addChatMessage(Lnet/minecraft/util/text/ChatType;Lnet/minecraft/util/text/ITextComponent;)V":"Lnet/minecraft/client/gui/GuiIngame;func_191742_a(Lnet/minecraft/util/text/ChatType;Lnet/minecraft/util/text/ITextComponent;)V","net/minecraft/client/multiplayer/WorldClient.getEntityByID(I)Lnet/minecraft/entity/Entity;":"Lnet/minecraft/client/multiplayer/WorldClient;func_73045_a(I)Lnet/minecraft/entity/Entity;"},"clientapi/load/mixin/MixinNettyPacketDecoder":{"Lnet/minecraft/network/EnumConnectionState;getPacket(Lnet/minecraft/network/EnumPacketDirection;I)Lnet/minecraft/network/Packet;":"Lnet/minecraft/network/EnumConnectionState;func_179244_a(Lnet/minecraft/network/EnumPacketDirection;I)Lnet/minecraft/network/Packet;","decode":"Lnet/minecraft/network/NettyPacketDecoder;decode(Lio/netty/channel/ChannelHandlerContext;Lio/netty/buffer/ByteBuf;Ljava/util/List;)V"},"clientapi/load/mixin/MixinNettyPacketEncoder":{"encode":"Lnet/minecraft/network/NettyPacketEncoder;encode(Lio/netty/channel/ChannelHandlerContext;Lnet/minecraft/network/Packet;Lio/netty/buffer/ByteBuf;)V"},"clientapi/load/mixin/MixinNetworkManager":{"channelRead0":"Lnet/minecraft/network/NetworkManager;channelRead0(Lio/netty/channel/ChannelHandlerContext;Lnet/minecraft/network/Packet;)V","flushOutboundQueue":"Lnet/minecraft/network/NetworkManager;func_150733_h()V","net/minecraft/network/NetworkManager.dispatchPacket(Lnet/minecraft/network/Packet;[Lio/netty/util/concurrent/GenericFutureListener;)V":"Lnet/minecraft/network/NetworkManager;func_150732_b(Lnet/minecraft/network/Packet;[Lio/netty/util/concurrent/GenericFutureListener;)V","net/minecraft/network/NetworkManager.isChannelOpen()Z":"Lnet/minecraft/network/NetworkManager;func_150724_d()Z","net/minecraft/network/Packet.processPacket(Lnet/minecraft/network/INetHandler;)V":"Lnet/minecraft/network/Packet;func_148833_a(Lnet/minecraft/network/INetHandler;)V","sendPacket":"Lnet/minecraft/network/NetworkManager;func_179290_a(Lnet/minecraft/network/Packet;)V"},"clientapi/load/mixin/MixinParticleManager":{"net/minecraft/client/particle/IParticleFactory.createParticle(ILnet/minecraft/world/World;DDDDDD[I)Lnet/minecraft/client/particle/Particle;":"Lnet/minecraft/client/particle/IParticleFactory;func_178902_a(ILnet/minecraft/world/World;DDDDDD[I)Lnet/minecraft/client/particle/Particle;","spawnEffectParticle":"Lnet/minecraft/client/particle/ParticleManager;func_178927_a(IDDDDDD[I)Lnet/minecraft/client/particle/Particle;"},"clientapi/load/mixin/MixinRender":{"getTeamColor":"Lnet/minecraft/client/renderer/entity/Render;func_188298_c(Lnet/minecraft/entity/Entity;)I","renderLivingLabel":"Lnet/minecraft/client/renderer/entity/Render;func_147906_a(Lnet/minecraft/entity/Entity;Ljava/lang/String;DDDI)V"},"clientapi/load/mixin/MixinRenderItem":{"renderEffect":"Lnet/minecraft/client/renderer/RenderItem;func_191966_a(Lnet/minecraft/client/renderer/block/model/IBakedModel;)V"},"clientapi/load/mixin/MixinRenderLivingBase":{"net/minecraft/client/renderer/entity/layers/LayerRenderer.doRenderLayer(Lnet/minecraft/entity/EntityLivingBase;FFFFFFF)V":"Lnet/minecraft/client/renderer/entity/layers/LayerRenderer;func_177141_a(Lnet/minecraft/entity/EntityLivingBase;FFFFFFF)V","renderLayers":"Lnet/minecraft/client/renderer/entity/RenderLivingBase;func_177093_a(Lnet/minecraft/entity/EntityLivingBase;FFFFFFF)V"},"clientapi/load/mixin/MixinRenderManager":{"net/minecraft/client/renderer/entity/Render.setRenderOutlines(Z)V":"Lnet/minecraft/client/renderer/entity/Render;func_188297_a(Z)V","renderEntity":"Lnet/minecraft/client/renderer/entity/RenderManager;func_188391_a(Lnet/minecraft/entity/Entity;DDDFFZ)V"},"clientapi/load/mixin/MixinTimer":{"Lnet/minecraft/util/Timer;tickLength:F":"Lnet/minecraft/util/Timer;field_194149_e:F","updateTimer":"Lnet/minecraft/util/Timer;func_74275_a()V"},"me/zero/clarinet/hook/mixin/MixinAbstractClientPlayer":{"getLocationCape":"Lnet/minecraft/client/entity/AbstractClientPlayer;func_110303_q()Lnet/minecraft/util/ResourceLocation;"},"me/zero/clarinet/hook/mixin/MixinAbstractHorse":{"Lnet/minecraft/entity/passive/AbstractHorse;isHorseSaddled()Z":"Lnet/minecraft/entity/passive/AbstractHorse;func_110257_ck()Z","canBeSteered":"Lnet/minecraft/entity/passive/AbstractHorse;func_82171_bF()Z","canJump":"Lnet/minecraft/entity/passive/AbstractHorse;func_184776_b()Z","setJumpPower":"Lnet/minecraft/entity/passive/AbstractHorse;func_110206_u(I)V","travel":"Lnet/minecraft/entity/passive/AbstractHorse;func_191986_a(FFF)V"},"me/zero/clarinet/hook/mixin/MixinBlock":{"isFullBlock":"Lnet/minecraft/block/Block;func_149730_j(Lnet/minecraft/block/state/IBlockState;)Z"},"me/zero/clarinet/hook/mixin/MixinBlockBasePressurePlate":{"getCollisionBoundingBox":"Lnet/minecraft/block/BlockBasePressurePlate;func_180646_a(Lnet/minecraft/block/state/IBlockState;Lnet/minecraft/world/IBlockAccess;Lnet/minecraft/util/math/BlockPos;)Lnet/minecraft/util/math/AxisAlignedBB;"},"me/zero/clarinet/hook/mixin/MixinBlockCactus":{"getCollisionBoundingBox":"Lnet/minecraft/block/BlockCactus;func_180646_a(Lnet/minecraft/block/state/IBlockState;Lnet/minecraft/world/IBlockAccess;Lnet/minecraft/util/math/BlockPos;)Lnet/minecraft/util/math/AxisAlignedBB;","net/minecraft/block/BlockCactus.CACTUS_COLLISION_AABB:Lnet/minecraft/util/math/AxisAlignedBB;":"Lnet/minecraft/block/BlockCactus;field_185593_b:Lnet/minecraft/util/math/AxisAlignedBB;"},"me/zero/clarinet/hook/mixin/MixinBlockFire":{"getCollisionBoundingBox":"Lnet/minecraft/block/BlockFire;func_180646_a(Lnet/minecraft/block/state/IBlockState;Lnet/minecraft/world/IBlockAccess;Lnet/minecraft/util/math/BlockPos;)Lnet/minecraft/util/math/AxisAlignedBB;"},"me/zero/clarinet/hook/mixin/MixinBlockFluidRenderer":{"renderFluid":"Lnet/minecraft/client/renderer/BlockFluidRenderer;func_178270_a(Lnet/minecraft/world/IBlockAccess;Lnet/minecraft/block/state/IBlockState;Lnet/minecraft/util/math/BlockPos;Lnet/minecraft/client/renderer/BufferBuilder;)Z"},"me/zero/clarinet/hook/mixin/MixinBlockLiquid":{"canCollideCheck":"Lnet/minecraft/block/BlockLiquid;func_176209_a(Lnet/minecraft/block/state/IBlockState;Z)Z","getCollisionBoundingBox":"Lnet/minecraft/block/BlockLiquid;func_180646_a(Lnet/minecraft/block/state/IBlockState;Lnet/minecraft/world/IBlockAccess;Lnet/minecraft/util/math/BlockPos;)Lnet/minecraft/util/math/AxisAlignedBB;"},"me/zero/clarinet/hook/mixin/MixinBlockModelRenderer":{"net/minecraft/block/state/IBlockState.getPackedLightmapCoords(Lnet/minecraft/world/IBlockAccess;Lnet/minecraft/util/math/BlockPos;)I":"Lnet/minecraft/block/state/IBlockState;func_185889_a(Lnet/minecraft/world/IBlockAccess;Lnet/minecraft/util/math/BlockPos;)I","net/minecraft/client/Minecraft.isAmbientOcclusionEnabled()Z":"Lnet/minecraft/client/Minecraft;func_71379_u()Z","renderModel(Lnet/minecraft/world/IBlockAccess;Lnet/minecraft/client/renderer/block/model/IBakedModel;Lnet/minecraft/block/state/IBlockState;Lnet/minecraft/util/math/BlockPos;Lnet/minecraft/client/renderer/BufferBuilder;ZJ)Z":"Lnet/minecraft/client/renderer/BlockModelRenderer;func_187493_a(Lnet/minecraft/world/IBlockAccess;Lnet/minecraft/client/renderer/block/model/IBakedModel;Lnet/minecraft/block/state/IBlockState;Lnet/minecraft/util/math/BlockPos;Lnet/minecraft/client/renderer/BufferBuilder;ZJ)Z","renderModelFlat":"Lnet/minecraft/client/renderer/BlockModelRenderer;func_187497_c(Lnet/minecraft/world/IBlockAccess;Lnet/minecraft/client/renderer/block/model/IBakedModel;Lnet/minecraft/block/state/IBlockState;Lnet/minecraft/util/math/BlockPos;Lnet/minecraft/client/renderer/BufferBuilder;ZJ)Z"},"me/zero/clarinet/hook/mixin/MixinBlockShulkerBox":{"Lnet/minecraft/inventory/ItemStackHelper;loadAllItems(Lnet/minecraft/nbt/NBTTagCompound;Lnet/minecraft/util/NonNullList;)V":"Lnet/minecraft/inventory/ItemStackHelper;func_191283_b(Lnet/minecraft/nbt/NBTTagCompound;Lnet/minecraft/util/NonNullList;)V","addInformation":"Lnet/minecraft/block/BlockShulkerBox;func_190948_a(Lnet/minecraft/item/ItemStack;Lnet/minecraft/world/World;Ljava/util/List;Lnet/minecraft/client/util/ITooltipFlag;)V"},"me/zero/clarinet/hook/mixin/MixinBlockSlime":{"onEntityWalk":"Lnet/minecraft/block/BlockSlime;func_176199_a(Lnet/minecraft/world/World;Lnet/minecraft/util/math/BlockPos;Lnet/minecraft/entity/Entity;)V"},"me/zero/clarinet/hook/mixin/MixinBlockSoulSand":{"onEntityCollision":"Lnet/minecraft/block/BlockSoulSand;func_180634_a(Lnet/minecraft/world/World;Lnet/minecraft/util/math/BlockPos;Lnet/minecraft/block/state/IBlockState;Lnet/minecraft/entity/Entity;)V"},"me/zero/clarinet/hook/mixin/MixinDebugRendererChunkBorder":{"net/minecraft/client/Minecraft.player:Lnet/minecraft/client/entity/EntityPlayerSP;":"Lnet/minecraft/client/Minecraft;field_71439_g:Lnet/minecraft/client/entity/EntityPlayerSP;","render":"Lnet/minecraft/client/renderer/debug/DebugRendererChunkBorder;func_190060_a(FJ)V"},"me/zero/clarinet/hook/mixin/MixinEntity":{"move":"Lnet/minecraft/entity/Entity;func_70091_d(Lnet/minecraft/entity/MoverType;DDD)V","net/minecraft/entity/Entity.isSneaking()Z":"Lnet/minecraft/entity/Entity;func_70093_af()Z","net/minecraft/entity/Entity.stepHeight:F":"Lnet/minecraft/entity/Entity;field_70138_W:F"},"me/zero/clarinet/hook/mixin/MixinEntityLivingBase":{"net/minecraft/entity/EntityLivingBase.onGround:Z":"Lnet/minecraft/entity/EntityLivingBase;field_70122_E:Z","onLivingUpdate":"Lnet/minecraft/entity/EntityLivingBase;func_70636_d()V","travel":"Lnet/minecraft/entity/EntityLivingBase;func_191986_a(FFF)V"},"me/zero/clarinet/hook/mixin/MixinEntityLlama":{"canBeSteered":"Lnet/minecraft/entity/passive/EntityLlama;func_82171_bF()Z"},"me/zero/clarinet/hook/mixin/MixinEntityPig":{"canBeSteered":"Lnet/minecraft/entity/passive/EntityPig;func_82171_bF()Z"},"me/zero/clarinet/hook/mixin/MixinEntityPlayer":{"attackTargetEntityWithCurrentItem":"Lnet/minecraft/entity/player/EntityPlayer;func_71059_n(Lnet/minecraft/entity/Entity;)V","net/minecraft/entity/player/EntityPlayer.setSprinting(Z)V":"Lnet/minecraft/entity/player/EntityPlayer;func_70031_b(Z)V"},"me/zero/clarinet/hook/mixin/MixinEntityPlayerSP":{"isCurrentViewEntity":"Lnet/minecraft/client/entity/EntityPlayerSP;func_175160_A()Z","isUser":"Lnet/minecraft/client/entity/EntityPlayerSP;func_175144_cb()Z","net/minecraft/client/entity/AbstractClientPlayer.setSprinting(Z)V":"Lnet/minecraft/client/entity/AbstractClientPlayer;func_70031_b(Z)V","net/minecraft/client/entity/EntityPlayerSP.autoJumpTime:I":"Lnet/minecraft/client/entity/EntityPlayerSP;field_189812_cs:I","net/minecraft/client/entity/EntityPlayerSP.isHandActive()Z":"Lnet/minecraft/client/entity/EntityPlayerSP;func_184587_cr()Z","net/minecraft/client/entity/EntityPlayerSP.sprintToggleTimer:I":"Lnet/minecraft/client/entity/EntityPlayerSP;field_71156_d:I","net/minecraft/client/gui/GuiScreen.doesGuiPauseGame()Z":"Lnet/minecraft/client/gui/GuiScreen;func_73868_f()Z","net/minecraft/util/MovementInput.updatePlayerMoveState()V":"Lnet/minecraft/util/MovementInput;func_78898_a()V","onLivingUpdate":"Lnet/minecraft/client/entity/EntityPlayerSP;func_70636_d()V","setSprinting":"Lnet/minecraft/client/entity/EntityPlayerSP;func_70031_b(Z)V"},"me/zero/clarinet/hook/mixin/MixinEntityRenderer":{"Lnet/minecraft/client/multiplayer/WorldClient;rayTraceBlocks(Lnet/minecraft/util/math/Vec3d;Lnet/minecraft/util/math/Vec3d;)Lnet/minecraft/util/math/RayTraceResult;":"Lnet/minecraft/client/multiplayer/WorldClient;func_72933_a(Lnet/minecraft/util/math/Vec3d;Lnet/minecraft/util/math/Vec3d;)Lnet/minecraft/util/math/RayTraceResult;","Lnet/minecraft/client/renderer/texture/DynamicTexture;updateDynamicTexture()V":"Lnet/minecraft/client/renderer/texture/DynamicTexture;func_110564_a()V","getMouseOver":"Lnet/minecraft/client/renderer/EntityRenderer;func_78473_a(F)V","net/minecraft/client/entity/EntityPlayerSP.turn(FF)V":"Lnet/minecraft/client/entity/EntityPlayerSP;func_70082_c(FF)V","net/minecraft/client/renderer/GlStateManager.matrixMode(I)V":"Lnet/minecraft/client/renderer/GlStateManager;func_179128_n(I)V","net/minecraft/client/renderer/GlStateManager.shadeModel(I)V":"Lnet/minecraft/client/renderer/GlStateManager;func_179103_j(I)V","net/minecraft/client/settings/GameSettings.gammaSetting:F":"Lnet/minecraft/client/settings/GameSettings;field_74333_Y:F","net/minecraft/entity/Entity.getCollisionBorderSize()F":"Lnet/minecraft/entity/Entity;func_70111_Y()F","net/minecraft/entity/Entity.prevRotationPitch:F":"Lnet/minecraft/entity/Entity;field_70127_C:F","net/minecraft/entity/Entity.prevRotationYaw:F":"Lnet/minecraft/entity/Entity;field_70126_B:F","net/minecraft/entity/Entity.rotationPitch:F":"Lnet/minecraft/entity/Entity;field_70125_A:F","net/minecraft/entity/Entity.rotationYaw:F":"Lnet/minecraft/entity/Entity;field_70177_z:F","net/minecraft/util/MouseHelper.mouseXYChange()V":"Lnet/minecraft/util/MouseHelper;func_74374_c()V","orientCamera":"Lnet/minecraft/client/renderer/EntityRenderer;func_78467_g(F)V","renderWorldPass":"Lnet/minecraft/client/renderer/EntityRenderer;func_175068_a(IFJ)V","updateCameraAndRender":"Lnet/minecraft/client/renderer/EntityRenderer;func_181560_a(FJ)V","updateLightmap":"Lnet/minecraft/client/renderer/EntityRenderer;func_78472_g(F)V"},"me/zero/clarinet/hook/mixin/MixinFramebuffer":{"createFramebuffer":"Lnet/minecraft/client/shader/Framebuffer;func_147605_b(II)V","framebufferRenderExt":"Lnet/minecraft/client/shader/Framebuffer;func_178038_a(IIZ)V","net/minecraft/client/renderer/GlStateManager.colorMask(ZZZZ)V":"Lnet/minecraft/client/renderer/GlStateManager;func_179135_a(ZZZZ)V","net/minecraft/client/renderer/OpenGlHelper.glFramebufferRenderbuffer(IIII)V":"Lnet/minecraft/client/renderer/OpenGlHelper;func_153190_b(IIII)V","net/minecraft/client/renderer/OpenGlHelper.glRenderbufferStorage(IIII)V":"Lnet/minecraft/client/renderer/OpenGlHelper;func_153186_a(IIII)V"},"me/zero/clarinet/hook/mixin/MixinGuiOverlayDebug":{"call":"Lnet/minecraft/client/gui/GuiOverlayDebug;call()Ljava/util/List;","net/minecraft/client/Minecraft.getVersion()Ljava/lang/String;":"Lnet/minecraft/client/Minecraft;func_175600_c()Ljava/lang/String;"},"me/zero/clarinet/hook/mixin/MixinItemBlock":{"net/minecraft/world/World.setBlockState(Lnet/minecraft/util/math/BlockPos;Lnet/minecraft/block/state/IBlockState;I)Z":"Lnet/minecraft/world/World;func_180501_a(Lnet/minecraft/util/math/BlockPos;Lnet/minecraft/block/state/IBlockState;I)Z","onItemUse":"Lnet/minecraft/item/ItemBlock;func_180614_a(Lnet/minecraft/entity/player/EntityPlayer;Lnet/minecraft/world/World;Lnet/minecraft/util/math/BlockPos;Lnet/minecraft/util/EnumHand;Lnet/minecraft/util/EnumFacing;FFF)Lnet/minecraft/util/EnumActionResult;"},"me/zero/clarinet/hook/mixin/MixinItemStack":{"<init>(Lnet/minecraft/item/Item;II)V":"Lnet/minecraft/item/ItemStack;<init>(Lnet/minecraft/item/Item;II)V","Lnet/minecraft/item/ItemStack;getItemDamage()I":"Lnet/minecraft/item/ItemStack;func_77952_i()I","getTooltip":"Lnet/minecraft/item/ItemStack;func_82840_a(Lnet/minecraft/entity/player/EntityPlayer;Lnet/minecraft/client/util/ITooltipFlag;)Ljava/util/List;","net/minecraft/client/util/ITooltipFlag.isAdvanced()Z":"Lnet/minecraft/client/util/ITooltipFlag;func_194127_a()Z","net/minecraft/item/ItemStack.isItemDamaged()Z":"Lnet/minecraft/item/ItemStack;func_77951_h()Z"},"me/zero/clarinet/hook/mixin/MixinLayerArmorBase":{"net/minecraft/client/renderer/GlStateManager.color(FFFF)V":"Lnet/minecraft/client/renderer/GlStateManager;func_179131_c(FFFF)V","renderEnchantedGlint":"Lnet/minecraft/client/renderer/entity/layers/LayerArmorBase;func_188364_a(Lnet/minecraft/client/renderer/entity/RenderLivingBase;Lnet/minecraft/entity/EntityLivingBase;Lnet/minecraft/client/model/ModelBase;FFFFFFF)V"},"me/zero/clarinet/hook/mixin/MixinMinecraft":{"getLimitFramerate":"Lnet/minecraft/client/Minecraft;func_90020_K()I","setServerData":"Lnet/minecraft/client/Minecraft;func_71351_a(Lnet/minecraft/client/multiplayer/ServerData;)V"},"me/zero/clarinet/hook/mixin/MixinModelPlayer":{"net/minecraft/client/model/ModelBiped.setRotationAngles(FFFFFFLnet/minecraft/entity/Entity;)V":"Lnet/minecraft/client/model/ModelBiped;func_78087_a(FFFFFFLnet/minecraft/entity/Entity;)V","setRotationAngles":"Lnet/minecraft/client/model/ModelPlayer;func_78087_a(FFFFFFLnet/minecraft/entity/Entity;)V"},"me/zero/clarinet/hook/mixin/MixinNetworkManager":{"exceptionCaught":"Lnet/minecraft/network/NetworkManager;exceptionCaught(Lio/netty/channel/ChannelHandlerContext;Ljava/lang/Throwable;)V"},"me/zero/clarinet/hook/mixin/MixinPacketThreadUtil":{"checkThreadAndEnqueue":"Lnet/minecraft/network/PacketThreadUtil;func_180031_a(Lnet/minecraft/network/Packet;Lnet/minecraft/network/INetHandler;Lnet/minecraft/util/IThreadListener;)V","net/minecraft/util/IThreadListener.addScheduledTask(Ljava/lang/Runnable;)Lcom/google/common/util/concurrent/ListenableFuture;":"Lnet/minecraft/util/IThreadListener;func_152344_a(Ljava/lang/Runnable;)Lcom/google/common/util/concurrent/ListenableFuture;"},"me/zero/clarinet/hook/mixin/MixinPlayerControllerMP":{"attackEntity":"Lnet/minecraft/client/multiplayer/PlayerControllerMP;func_78764_a(Lnet/minecraft/entity/player/EntityPlayer;Lnet/minecraft/entity/Entity;)V","clickBlock":"Lnet/minecraft/client/multiplayer/PlayerControllerMP;func_180511_b(Lnet/minecraft/util/math/BlockPos;Lnet/minecraft/util/EnumFacing;)Z","net/minecraft/client/multiplayer/PlayerControllerMP.blockHitDelay:I":"Lnet/minecraft/client/multiplayer/PlayerControllerMP;field_78781_i:I","net/minecraft/world/World.setBlockState(Lnet/minecraft/util/math/BlockPos;Lnet/minecraft/block/state/IBlockState;I)Z":"Lnet/minecraft/world/World;func_180501_a(Lnet/minecraft/util/math/BlockPos;Lnet/minecraft/block/state/IBlockState;I)Z","onPlayerDamageBlock":"Lnet/minecraft/client/multiplayer/PlayerControllerMP;func_180512_c(Lnet/minecraft/util/math/BlockPos;Lnet/minecraft/util/EnumFacing;)Z","onPlayerDestroyBlock":"Lnet/minecraft/client/multiplayer/PlayerControllerMP;func_187103_a(Lnet/minecraft/util/math/BlockPos;)Z"},"me/zero/clarinet/hook/mixin/MixinRenderItem":{"net/minecraft/client/renderer/GlStateManager.color(FFFF)V":"Lnet/minecraft/client/renderer/GlStateManager;func_179131_c(FFFF)V","net/minecraft/client/renderer/RenderItem.renderModel(Lnet/minecraft/client/renderer/block/model/IBakedModel;I)V":"Lnet/minecraft/client/renderer/RenderItem;func_191965_a(Lnet/minecraft/client/renderer/block/model/IBakedModel;I)V","renderEffect":"Lnet/minecraft/client/renderer/RenderItem;func_191966_a(Lnet/minecraft/client/renderer/block/model/IBakedModel;)V","renderItem(Lnet/minecraft/item/ItemStack;Lnet/minecraft/client/renderer/block/model/IBakedModel;)V":"Lnet/minecraft/client/renderer/RenderItem;func_180454_a(Lnet/minecraft/item/ItemStack;Lnet/minecraft/client/renderer/block/model/IBakedModel;)V"},"me/zero/clarinet/hook/mixin/MixinRenderLivingBase":{"canRenderName":"Lnet/minecraft/client/renderer/entity/RenderLivingBase;func_177070_b(Lnet/minecraft/entity/EntityLivingBase;)Z"},"me/zero/clarinet/hook/mixin/MixinRenderManager":{"net/minecraft/entity/Entity.getEntityBoundingBox()Lnet/minecraft/util/math/AxisAlignedBB;":"Lnet/minecraft/entity/Entity;func_174813_aQ()Lnet/minecraft/util/math/AxisAlignedBB;","renderDebugBoundingBox":"Lnet/minecraft/client/renderer/entity/RenderManager;func_85094_b(Lnet/minecraft/entity/Entity;DDDFF)V"},"me/zero/clarinet/hook/mixin/MixinVisGraph":{"setOpaqueCube":"Lnet/minecraft/client/renderer/chunk/VisGraph;func_178606_a(Lnet/minecraft/util/math/BlockPos;)V"},"me/zero/clarinet/hook/mixin/MixinWorld":{"checkLightFor":"Lnet/minecraft/world/World;func_180500_c(Lnet/minecraft/world/EnumSkyBlock;Lnet/minecraft/util/math/BlockPos;)Z","net/minecraft/block/state/IBlockState.getMaterial()Lnet/minecraft/block/material/Material;":"Lnet/minecraft/block/state/IBlockState;func_185904_a()Lnet/minecraft/block/material/Material;","rayTraceBlocks(Lnet/minecraft/util/math/Vec3d;Lnet/minecraft/util/math/Vec3d;ZZZ)Lnet/minecraft/util/math/RayTraceResult;":"Lnet/minecraft/world/World;func_147447_a(Lnet/minecraft/util/math/Vec3d;Lnet/minecraft/util/math/Vec3d;ZZZ)Lnet/minecraft/util/math/RayTraceResult;"},"me/zero/clarinet/hook/mixin/accessor/AccessorCPacketCloseWindow":{"windowId":"field_149556_a:I"},"me/zero/clarinet/hook/mixin/accessor/AccessorCPacketPlayer":{"X":"field_149479_a:D","Y":"field_149477_b:D","Z":"field_149478_c:D","onGround":"field_149474_g:Z","pitch":"field_149473_f:F","yaw":"field_149476_e:F"},"me/zero/clarinet/hook/mixin/accessor/AccessorCPacketPlayerTryUseItemOnBlock":{"placedBlockDirection":"field_149579_d:Lnet/minecraft/util/EnumFacing;"},"me/zero/clarinet/hook/mixin/accessor/AccessorEntity":{"inWater":"field_70171_ac:Z","isInWeb":"field_70134_J:Z"},"me/zero/clarinet/hook/mixin/accessor/AccessorGuiPlayerTabOverlay":{"footer":"field_175255_h:Lnet/minecraft/util/text/ITextComponent;"},"me/zero/clarinet/hook/mixin/accessor/AccessorIGameType":{"shortName":"field_185330_h:Ljava/lang/String;"},"me/zero/clarinet/hook/mixin/accessor/AccessorItemRenderer":{"transformFirstPerson":"func_187453_a(Lnet/minecraft/util/EnumHandSide;F)V","transformSideFirstPerson":"func_187459_b(Lnet/minecraft/util/EnumHandSide;F)V"},"me/zero/clarinet/hook/mixin/accessor/AccessorKeyBinding":{"pressed":"field_74513_e:Z"},"me/zero/clarinet/hook/mixin/accessor/AccessorRenderManager":{"renderPosX":"field_78725_b:D","renderPosY":"field_78726_c:D","renderPosZ":"field_78723_d:D"},"me/zero/clarinet/hook/mixin/accessor/AccessorSPacketEntityVelocity":{"entityID":"field_149417_a:I","motionX":"field_149415_b:I","motionY":"field_149416_c:I","motionZ":"field_149414_d:I"},"me/zero/clarinet/hook/mixin/accessor/AccessorSPacketExplosion":{"motionX":"field_149152_f:F","motionY":"field_149153_g:F","motionZ":"field_149159_h:F"},"me/zero/clarinet/hook/mixin/accessor/AccessorSPacketPlayerPosLook":{"pitch":"field_148937_e:F","yaw":"field_148936_d:F"},"me/zero/clarinet/hook/mixin/accessor/AccessorShaderGroup":{"listFramebuffers":"field_148029_f:Ljava/util/List;","listShaders":"field_148031_d:Ljava/util/List;"},"me/zero/clarinet/hook/mixin/accessor/AccessorWorldInfo":{"randomSeed":"field_76100_a:J"},"me/zero/clarinet/hook/mixin/gui/MixinGuiChat":{"drawScreen":"Lnet/minecraft/client/gui/GuiChat;func_73863_a(IIF)V"},"me/zero/clarinet/hook/mixin/gui/MixinGuiChest":{"drawScreen":"Lnet/minecraft/client/gui/inventory/GuiChest;func_73863_a(IIF)V"},"me/zero/clarinet/hook/mixin/gui/MixinGuiCustomizeSkin":{"drawScreen":"Lnet/minecraft/client/gui/GuiCustomizeSkin;func_73863_a(IIF)V","initGui":"Lnet/minecraft/client/gui/GuiCustomizeSkin;func_73866_w_()V"},"me/zero/clarinet/hook/mixin/gui/MixinGuiDisconnect":{"Lnet/minecraft/client/gui/GuiDisconnected;drawCenteredString(Lnet/minecraft/client/gui/FontRenderer;Ljava/lang/String;III)V":"Lnet/minecraft/client/gui/GuiDisconnected;func_73732_a(Lnet/minecraft/client/gui/FontRenderer;Ljava/lang/String;III)V","actionPerformed":"Lnet/minecraft/client/gui/GuiDisconnected;func_146284_a(Lnet/minecraft/client/gui/GuiButton;)V","drawScreen":"Lnet/minecraft/client/gui/GuiDisconnected;func_73863_a(IIF)V","initGui":"Lnet/minecraft/client/gui/GuiDisconnected;func_73866_w_()V"},"me/zero/clarinet/hook/mixin/gui/MixinGuiGameOver":{"actionPerformed":"Lnet/minecraft/client/gui/GuiGameOver;func_146284_a(Lnet/minecraft/client/gui/GuiButton;)V","drawScreen":"Lnet/minecraft/client/gui/GuiGameOver;func_73863_a(IIF)V","initGui":"Lnet/minecraft/client/gui/GuiGameOver;func_73866_w_()V"},"me/zero/clarinet/hook/mixin/gui/MixinGuiIngame":{"Lnet/minecraft/client/gui/GuiNewChat;drawChat(I)V":"Lnet/minecraft/client/gui/GuiNewChat;func_146230_a(I)V","net/minecraft/client/Minecraft.getRenderViewEntity()Lnet/minecraft/entity/Entity;":"Lnet/minecraft/client/Minecraft;func_175606_aa()Lnet/minecraft/entity/Entity;","net/minecraft/client/settings/KeyBinding.isKeyDown()Z":"Lnet/minecraft/client/settings/KeyBinding;func_151470_d()Z","renderGameOverlay":"Lnet/minecraft/client/gui/GuiIngame;func_175180_a(F)V","renderPlayerStats":"Lnet/minecraft/client/gui/GuiIngame;func_180477_d(Lnet/minecraft/client/gui/ScaledResolution;)V"},"me/zero/clarinet/hook/mixin/gui/MixinGuiIngameMenu":{"actionPerformed":"Lnet/minecraft/client/gui/GuiIngameMenu;func_146284_a(Lnet/minecraft/client/gui/GuiButton;)V","drawScreen":"Lnet/minecraft/client/gui/GuiIngameMenu;func_73863_a(IIF)V","initGui":"Lnet/minecraft/client/gui/GuiIngameMenu;func_73866_w_()V"},"me/zero/clarinet/hook/mixin/gui/MixinGuiMainMenu":{"Lnet/minecraft/client/gui/GuiMainMenu;drawGradientRect(IIIIII)V":"Lnet/minecraft/client/gui/GuiMainMenu;func_73733_a(IIIIII)V","Lnet/minecraft/client/gui/GuiScreen;drawScreen(IIF)V":"Lnet/minecraft/client/gui/GuiScreen;func_73863_a(IIF)V","actionPerformed":"Lnet/minecraft/client/gui/GuiMainMenu;func_146284_a(Lnet/minecraft/client/gui/GuiButton;)V","drawScreen":"Lnet/minecraft/client/gui/GuiMainMenu;func_73863_a(IIF)V","initGui":"Lnet/minecraft/client/gui/GuiMainMenu;func_73866_w_()V","keyTyped":"Lnet/minecraft/client/gui/GuiMainMenu;func_73869_a(CI)V","renderSkybox":"Lnet/minecraft/client/gui/GuiMainMenu;func_73971_c(IIF)V"},"me/zero/clarinet/hook/mixin/gui/MixinGuiScreen":{"Lnet/minecraft/client/gui/GuiScreen;actionPerformed(Lnet/minecraft/client/gui/GuiButton;)V":"Lnet/minecraft/client/gui/GuiScreen;func_146284_a(Lnet/minecraft/client/gui/GuiButton;)V","mouseClicked":"Lnet/minecraft/client/gui/GuiScreen;func_73864_a(III)V"}}}
