{"data":{"notch":{"baritone/launch/mixins/MixinChatTabCompleter":{"complete":"Lbkn$a;a()V"},"baritone/launch/mixins/MixinChunkRenderContainer":{"net/minecraft/client/renderer/chunk/RenderChunk.getPosition()Lnet/minecraft/util/math/BlockPos;":"Lbxr;k()Let;","preRenderChunk":"Lbun;a(Lbxr;)V"},"baritone/launch/mixins/MixinChunkRenderWorker":{"net/minecraft/client/renderer/chunk/ChunkRenderWorker.isChunkExisting(Lnet/minecraft/util/math/BlockPos;Lnet/minecraft/world/World;)Z":"Lbxn;a(Let;Lamu;)Z","processTask":"Lbxn;a(Lbxl;)V"},"baritone/launch/mixins/MixinEntityLivingBase":{"jump":"Lvp;cu()V","net/minecraft/entity/EntityLivingBase.moveRelative(FFFF)V":"Lvp;b(FFFF)V","net/minecraft/entity/EntityLivingBase.rotationYaw:F":"Lvp;v:F","travel":"Lvp;a(FFF)V"},"baritone/launch/mixins/MixinEntityPlayerSP":{"net/minecraft/client/entity/EntityPlayerSP.isRiding()Z":"Lbud;aS()Z","net/minecraft/client/entity/EntityPlayerSP.onUpdateWalkingPlayer()V":"Lbud;N()V","net/minecraft/client/settings/KeyBinding.isKeyDown()Z":"Lbhy;e()Z","net/minecraft/entity/player/PlayerCapabilities.allowFlying:Z":"Laeb;c:Z","onLivingUpdate":"Lbud;n()V","onUpdate":"Lbud;B_()V","sendChatMessage":"Lbud;g(Ljava/lang/String;)V","updateRidden":"Lbud;aE()V"},"baritone/launch/mixins/MixinEntityRenderer":{"Lnet/minecraft/profiler/Profiler;endStartSection(Ljava/lang/String;)V":"Lrl;c(Ljava/lang/String;)V","renderWorldPass":"Lbuq;a(IFJ)V"},"baritone/launch/mixins/MixinGuiScreen":{"openWebLink":"a(Ljava/net/URI;)V"},"baritone/launch/mixins/MixinItemStack":{"setItemDamage":"Laip;b(I)V"},"baritone/launch/mixins/MixinMinecraft":{"clickMouse":"Lbib;aA()V","init":"Lbib;aq()V","loadWorld(Lnet/minecraft/client/multiplayer/WorldClient;Ljava/lang/String;)V":"Lbib;a(Lbsb;Ljava/lang/String;)V","net/minecraft/client/Minecraft.currentScreen:Lnet/minecraft/client/gui/GuiScreen;":"Lbib;m:Lblk;","net/minecraft/client/Minecraft.startTimerHackThread()V":"Lbib;ax()V","net/minecraft/client/entity/EntityPlayerSP.swingArm(Lnet/minecraft/util/EnumHand;)V":"Lbud;a(Lub;)V","net/minecraft/client/gui/GuiScreen.allowUserInput:Z":"Lblk;p:Z","net/minecraft/client/multiplayer/PlayerControllerMP.clickBlock(Lnet/minecraft/util/math/BlockPos;Lnet/minecraft/util/EnumFacing;)Z":"Lbsa;a(Let;Lfa;)Z","rightClickMouse":"Lbib;aB()V","runTick":"Lbib;t()V"},"baritone/launch/mixins/MixinNetHandlerPlayClient":{"handleChunkData":"Lbrz;a(Lje;)V","handleCombatEvent":"Lbrz;a(Ljo;)V","net/minecraft/client/Minecraft.displayGuiScreen(Lnet/minecraft/client/gui/GuiScreen;)V":"Lbib;a(Lblk;)V","net/minecraft/world/chunk/Chunk.read(Lnet/minecraft/network/PacketBuffer;IZ)V":"Laxw;a(Lgy;IZ)V"},"baritone/launch/mixins/MixinNetworkManager":{"channelRead0":"Lgw;a(Lio/netty/channel/ChannelHandlerContext;Lht;)V","dispatchPacket":"Lgw;a(Lht;[Lio/netty/util/concurrent/GenericFutureListener;)V","net/minecraft/network/Packet.processPacket(Lnet/minecraft/network/INetHandler;)V":"Lht;a(Lhb;)V"},"baritone/launch/mixins/MixinPlayerControllerMP":{"currentBlock":"c:Let;","isHittingBlock":"h:Z","syncCurrentPlayItem":"n()V"},"baritone/launch/mixins/MixinRenderChunk":{"net/minecraft/world/ChunkCache.getBlockState(Lnet/minecraft/util/math/BlockPos;)Lnet/minecraft/block/state/IBlockState;":"Land;o(Let;)Lawt;","net/minecraft/world/ChunkCache.isEmpty()Z":"Land;ac()Z","rebuildChunk":"Lbxr;b(FFFLbxl;)V"},"baritone/launch/mixins/MixinRenderList":{"net/minecraft/client/renderer/GlStateManager.popMatrix()V":"Lbus;H()V","renderChunkLayer":"Lbva;a(Lamm;)V"},"baritone/launch/mixins/MixinStateImplementation":{"net.minecraft.block.state.BlockStateContainer$StateImplementation":"awu$a"},"baritone/launch/mixins/MixinTabCompleter":{"requestCompletions":"Lblq;a(Ljava/lang/String;)V"},"baritone/launch/mixins/MixinVboRenderList":{"net/minecraft/client/renderer/GlStateManager.popMatrix()V":"Lbus;H()V","renderChunkLayer":"Lbvf;a(Lamm;)V"},"baritone/launch/mixins/MixinWorldClient":{"doPreChunk":"Lbsb;b(IIZ)V"}},"searge":{"baritone/launch/mixins/MixinChatTabCompleter":{"complete":"Lnet/minecraft/client/gui/GuiChat$ChatTabCompleter;func_186841_a()V"},"baritone/launch/mixins/MixinChunkRenderContainer":{"net/minecraft/client/renderer/chunk/RenderChunk.getPosition()Lnet/minecraft/util/math/BlockPos;":"Lnet/minecraft/client/renderer/chunk/RenderChunk;func_178568_j()Lnet/minecraft/util/math/BlockPos;","preRenderChunk":"Lnet/minecraft/client/renderer/ChunkRenderContainer;func_178003_a(Lnet/minecraft/client/renderer/chunk/RenderChunk;)V"},"baritone/launch/mixins/MixinChunkRenderWorker":{"net/minecraft/client/renderer/chunk/ChunkRenderWorker.isChunkExisting(Lnet/minecraft/util/math/BlockPos;Lnet/minecraft/world/World;)Z":"Lnet/minecraft/client/renderer/chunk/ChunkRenderWorker;func_188263_a(Lnet/minecraft/util/math/BlockPos;Lnet/minecraft/world/World;)Z","processTask":"Lnet/minecraft/client/renderer/chunk/ChunkRenderWorker;func_178474_a(Lnet/minecraft/client/renderer/chunk/ChunkCompileTaskGenerator;)V"},"baritone/launch/mixins/MixinEntityLivingBase":{"jump":"Lnet/minecraft/entity/EntityLivingBase;func_70664_aZ()V","net/minecraft/entity/EntityLivingBase.moveRelative(FFFF)V":"Lnet/minecraft/entity/EntityLivingBase;func_191958_b(FFFF)V","net/minecraft/entity/EntityLivingBase.rotationYaw:F":"Lnet/minecraft/entity/EntityLivingBase;field_70177_z:F","travel":"Lnet/minecraft/entity/EntityLivingBase;func_191986_a(FFF)V"},"baritone/launch/mixins/MixinEntityPlayerSP":{"net/minecraft/client/entity/EntityPlayerSP.isRiding()Z":"Lnet/minecraft/client/entity/EntityPlayerSP;func_184218_aH()Z","net/minecraft/client/entity/EntityPlayerSP.onUpdateWalkingPlayer()V":"Lnet/minecraft/client/entity/EntityPlayerSP;func_175161_p()V","net/minecraft/client/settings/KeyBinding.isKeyDown()Z":"Lnet/minecraft/client/settings/KeyBinding;func_151470_d()Z","net/minecraft/entity/player/PlayerCapabilities.allowFlying:Z":"Lnet/minecraft/entity/player/PlayerCapabilities;field_75101_c:Z","onLivingUpdate":"Lnet/minecraft/client/entity/EntityPlayerSP;func_70636_d()V","onUpdate":"Lnet/minecraft/client/entity/EntityPlayerSP;func_70071_h_()V","sendChatMessage":"Lnet/minecraft/client/entity/EntityPlayerSP;func_71165_d(Ljava/lang/String;)V","updateRidden":"Lnet/minecraft/client/entity/EntityPlayerSP;func_70098_U()V"},"baritone/launch/mixins/MixinEntityRenderer":{"Lnet/minecraft/profiler/Profiler;endStartSection(Ljava/lang/String;)V":"Lnet/minecraft/profiler/Profiler;func_76318_c(Ljava/lang/String;)V","renderWorldPass":"Lnet/minecraft/client/renderer/EntityRenderer;func_175068_a(IFJ)V"},"baritone/launch/mixins/MixinGuiScreen":{"openWebLink":"func_175282_a(Ljava/net/URI;)V"},"baritone/launch/mixins/MixinItemStack":{"setItemDamage":"Lnet/minecraft/item/ItemStack;func_77964_b(I)V"},"baritone/launch/mixins/MixinMinecraft":{"clickMouse":"Lnet/minecraft/client/Minecraft;func_147116_af()V","init":"Lnet/minecraft/client/Minecraft;func_71384_a()V","loadWorld(Lnet/minecraft/client/multiplayer/WorldClient;Ljava/lang/String;)V":"Lnet/minecraft/client/Minecraft;func_71353_a(Lnet/minecraft/client/multiplayer/WorldClient;Ljava/lang/String;)V","net/minecraft/client/Minecraft.currentScreen:Lnet/minecraft/client/gui/GuiScreen;":"Lnet/minecraft/client/Minecraft;field_71462_r:Lnet/minecraft/client/gui/GuiScreen;","net/minecraft/client/Minecraft.startTimerHackThread()V":"Lnet/minecraft/client/Minecraft;func_71389_H()V","net/minecraft/client/entity/EntityPlayerSP.swingArm(Lnet/minecraft/util/EnumHand;)V":"Lnet/minecraft/client/entity/EntityPlayerSP;func_184609_a(Lnet/minecraft/util/EnumHand;)V","net/minecraft/client/gui/GuiScreen.allowUserInput:Z":"Lnet/minecraft/client/gui/GuiScreen;field_146291_p:Z","net/minecraft/client/multiplayer/PlayerControllerMP.clickBlock(Lnet/minecraft/util/math/BlockPos;Lnet/minecraft/util/EnumFacing;)Z":"Lnet/minecraft/client/multiplayer/PlayerControllerMP;func_180511_b(Lnet/minecraft/util/math/BlockPos;Lnet/minecraft/util/EnumFacing;)Z","rightClickMouse":"Lnet/minecraft/client/Minecraft;func_147121_ag()V","runTick":"Lnet/minecraft/client/Minecraft;func_71407_l()V"},"baritone/launch/mixins/MixinNetHandlerPlayClient":{"handleChunkData":"Lnet/minecraft/client/network/NetHandlerPlayClient;func_147263_a(Lnet/minecraft/network/play/server/SPacketChunkData;)V","handleCombatEvent":"Lnet/minecraft/client/network/NetHandlerPlayClient;func_175098_a(Lnet/minecraft/network/play/server/SPacketCombatEvent;)V","net/minecraft/client/Minecraft.displayGuiScreen(Lnet/minecraft/client/gui/GuiScreen;)V":"Lnet/minecraft/client/Minecraft;func_147108_a(Lnet/minecraft/client/gui/GuiScreen;)V","net/minecraft/world/chunk/Chunk.read(Lnet/minecraft/network/PacketBuffer;IZ)V":"Lnet/minecraft/world/chunk/Chunk;func_186033_a(Lnet/minecraft/network/PacketBuffer;IZ)V"},"baritone/launch/mixins/MixinNetworkManager":{"channelRead0":"Lnet/minecraft/network/NetworkManager;channelRead0(Lio/netty/channel/ChannelHandlerContext;Lnet/minecraft/network/Packet;)V","dispatchPacket":"Lnet/minecraft/network/NetworkManager;func_150732_b(Lnet/minecraft/network/Packet;[Lio/netty/util/concurrent/GenericFutureListener;)V","net/minecraft/network/Packet.processPacket(Lnet/minecraft/network/INetHandler;)V":"Lnet/minecraft/network/Packet;func_148833_a(Lnet/minecraft/network/INetHandler;)V"},"baritone/launch/mixins/MixinPlayerControllerMP":{"currentBlock":"field_178895_c:Lnet/minecraft/util/math/BlockPos;","isHittingBlock":"field_78778_j:Z","syncCurrentPlayItem":"func_78750_j()V"},"baritone/launch/mixins/MixinRenderChunk":{"net/minecraft/world/ChunkCache.getBlockState(Lnet/minecraft/util/math/BlockPos;)Lnet/minecraft/block/state/IBlockState;":"Lnet/minecraft/world/ChunkCache;func_180495_p(Lnet/minecraft/util/math/BlockPos;)Lnet/minecraft/block/state/IBlockState;","net/minecraft/world/ChunkCache.isEmpty()Z":"Lnet/minecraft/world/ChunkCache;func_72806_N()Z","rebuildChunk":"Lnet/minecraft/client/renderer/chunk/RenderChunk;func_178581_b(FFFLnet/minecraft/client/renderer/chunk/ChunkCompileTaskGenerator;)V"},"baritone/launch/mixins/MixinRenderList":{"net/minecraft/client/renderer/GlStateManager.popMatrix()V":"Lnet/minecraft/client/renderer/GlStateManager;func_179121_F()V","renderChunkLayer":"Lnet/minecraft/client/renderer/RenderList;func_178001_a(Lnet/minecraft/util/BlockRenderLayer;)V"},"baritone/launch/mixins/MixinStateImplementation":{"net.minecraft.block.state.BlockStateContainer$StateImplementation":"net/minecraft/block/state/BlockStateContainer$StateImplementation"},"baritone/launch/mixins/MixinTabCompleter":{"requestCompletions":"Lnet/minecraft/util/TabCompleter;func_186838_a(Ljava/lang/String;)V"},"baritone/launch/mixins/MixinVboRenderList":{"net/minecraft/client/renderer/GlStateManager.popMatrix()V":"Lnet/minecraft/client/renderer/GlStateManager;func_179121_F()V","renderChunkLayer":"Lnet/minecraft/client/renderer/VboRenderList;func_178001_a(Lnet/minecraft/util/BlockRenderLayer;)V"},"baritone/launch/mixins/MixinWorldClient":{"doPreChunk":"Lnet/minecraft/client/multiplayer/WorldClient;func_73025_a(IIZ)V"}}},"mappings":{"baritone/launch/mixins/MixinChatTabCompleter":{"complete":"Lnet/minecraft/client/gui/GuiChat$ChatTabCompleter;func_186841_a()V"},"baritone/launch/mixins/MixinChunkRenderContainer":{"net/minecraft/client/renderer/chunk/RenderChunk.getPosition()Lnet/minecraft/util/math/BlockPos;":"Lnet/minecraft/client/renderer/chunk/RenderChunk;func_178568_j()Lnet/minecraft/util/math/BlockPos;","preRenderChunk":"Lnet/minecraft/client/renderer/ChunkRenderContainer;func_178003_a(Lnet/minecraft/client/renderer/chunk/RenderChunk;)V"},"baritone/launch/mixins/MixinChunkRenderWorker":{"net/minecraft/client/renderer/chunk/ChunkRenderWorker.isChunkExisting(Lnet/minecraft/util/math/BlockPos;Lnet/minecraft/world/World;)Z":"Lnet/minecraft/client/renderer/chunk/ChunkRenderWorker;func_188263_a(Lnet/minecraft/util/math/BlockPos;Lnet/minecraft/world/World;)Z","processTask":"Lnet/minecraft/client/renderer/chunk/ChunkRenderWorker;func_178474_a(Lnet/minecraft/client/renderer/chunk/ChunkCompileTaskGenerator;)V"},"baritone/launch/mixins/MixinEntityLivingBase":{"jump":"Lnet/minecraft/entity/EntityLivingBase;func_70664_aZ()V","net/minecraft/entity/EntityLivingBase.moveRelative(FFFF)V":"Lnet/minecraft/entity/EntityLivingBase;func_191958_b(FFFF)V","net/minecraft/entity/EntityLivingBase.rotationYaw:F":"Lnet/minecraft/entity/EntityLivingBase;field_70177_z:F","travel":"Lnet/minecraft/entity/EntityLivingBase;func_191986_a(FFF)V"},"baritone/launch/mixins/MixinEntityPlayerSP":{"net/minecraft/client/entity/EntityPlayerSP.isRiding()Z":"Lnet/minecraft/client/entity/EntityPlayerSP;func_184218_aH()Z","net/minecraft/client/entity/EntityPlayerSP.onUpdateWalkingPlayer()V":"Lnet/minecraft/client/entity/EntityPlayerSP;func_175161_p()V","net/minecraft/client/settings/KeyBinding.isKeyDown()Z":"Lnet/minecraft/client/settings/KeyBinding;func_151470_d()Z","net/minecraft/entity/player/PlayerCapabilities.allowFlying:Z":"Lnet/minecraft/entity/player/PlayerCapabilities;field_75101_c:Z","onLivingUpdate":"Lnet/minecraft/client/entity/EntityPlayerSP;func_70636_d()V","onUpdate":"Lnet/minecraft/client/entity/EntityPlayerSP;func_70071_h_()V","sendChatMessage":"Lnet/minecraft/client/entity/EntityPlayerSP;func_71165_d(Ljava/lang/String;)V","updateRidden":"Lnet/minecraft/client/entity/EntityPlayerSP;func_70098_U()V"},"baritone/launch/mixins/MixinEntityRenderer":{"Lnet/minecraft/profiler/Profiler;endStartSection(Ljava/lang/String;)V":"Lnet/minecraft/profiler/Profiler;func_76318_c(Ljava/lang/String;)V","renderWorldPass":"Lnet/minecraft/client/renderer/EntityRenderer;func_175068_a(IFJ)V"},"baritone/launch/mixins/MixinGuiScreen":{"openWebLink":"func_175282_a(Ljava/net/URI;)V"},"baritone/launch/mixins/MixinItemStack":{"setItemDamage":"Lnet/minecraft/item/ItemStack;func_77964_b(I)V"},"baritone/launch/mixins/MixinMinecraft":{"clickMouse":"Lnet/minecraft/client/Minecraft;func_147116_af()V","init":"Lnet/minecraft/client/Minecraft;func_71384_a()V","loadWorld(Lnet/minecraft/client/multiplayer/WorldClient;Ljava/lang/String;)V":"Lnet/minecraft/client/Minecraft;func_71353_a(Lnet/minecraft/client/multiplayer/WorldClient;Ljava/lang/String;)V","net/minecraft/client/Minecraft.currentScreen:Lnet/minecraft/client/gui/GuiScreen;":"Lnet/minecraft/client/Minecraft;field_71462_r:Lnet/minecraft/client/gui/GuiScreen;","net/minecraft/client/Minecraft.startTimerHackThread()V":"Lnet/minecraft/client/Minecraft;func_71389_H()V","net/minecraft/client/entity/EntityPlayerSP.swingArm(Lnet/minecraft/util/EnumHand;)V":"Lnet/minecraft/client/entity/EntityPlayerSP;func_184609_a(Lnet/minecraft/util/EnumHand;)V","net/minecraft/client/gui/GuiScreen.allowUserInput:Z":"Lnet/minecraft/client/gui/GuiScreen;field_146291_p:Z","net/minecraft/client/multiplayer/PlayerControllerMP.clickBlock(Lnet/minecraft/util/math/BlockPos;Lnet/minecraft/util/EnumFacing;)Z":"Lnet/minecraft/client/multiplayer/PlayerControllerMP;func_180511_b(Lnet/minecraft/util/math/BlockPos;Lnet/minecraft/util/EnumFacing;)Z","rightClickMouse":"Lnet/minecraft/client/Minecraft;func_147121_ag()V","runTick":"Lnet/minecraft/client/Minecraft;func_71407_l()V"},"baritone/launch/mixins/MixinNetHandlerPlayClient":{"handleChunkData":"Lnet/minecraft/client/network/NetHandlerPlayClient;func_147263_a(Lnet/minecraft/network/play/server/SPacketChunkData;)V","handleCombatEvent":"Lnet/minecraft/client/network/NetHandlerPlayClient;func_175098_a(Lnet/minecraft/network/play/server/SPacketCombatEvent;)V","net/minecraft/client/Minecraft.displayGuiScreen(Lnet/minecraft/client/gui/GuiScreen;)V":"Lnet/minecraft/client/Minecraft;func_147108_a(Lnet/minecraft/client/gui/GuiScreen;)V","net/minecraft/world/chunk/Chunk.read(Lnet/minecraft/network/PacketBuffer;IZ)V":"Lnet/minecraft/world/chunk/Chunk;func_186033_a(Lnet/minecraft/network/PacketBuffer;IZ)V"},"baritone/launch/mixins/MixinNetworkManager":{"channelRead0":"Lnet/minecraft/network/NetworkManager;channelRead0(Lio/netty/channel/ChannelHandlerContext;Lnet/minecraft/network/Packet;)V","dispatchPacket":"Lnet/minecraft/network/NetworkManager;func_150732_b(Lnet/minecraft/network/Packet;[Lio/netty/util/concurrent/GenericFutureListener;)V","net/minecraft/network/Packet.processPacket(Lnet/minecraft/network/INetHandler;)V":"Lnet/minecraft/network/Packet;func_148833_a(Lnet/minecraft/network/INetHandler;)V"},"baritone/launch/mixins/MixinPlayerControllerMP":{"currentBlock":"field_178895_c:Lnet/minecraft/util/math/BlockPos;","isHittingBlock":"field_78778_j:Z","syncCurrentPlayItem":"func_78750_j()V"},"baritone/launch/mixins/MixinRenderChunk":{"net/minecraft/world/ChunkCache.getBlockState(Lnet/minecraft/util/math/BlockPos;)Lnet/minecraft/block/state/IBlockState;":"Lnet/minecraft/world/ChunkCache;func_180495_p(Lnet/minecraft/util/math/BlockPos;)Lnet/minecraft/block/state/IBlockState;","net/minecraft/world/ChunkCache.isEmpty()Z":"Lnet/minecraft/world/ChunkCache;func_72806_N()Z","rebuildChunk":"Lnet/minecraft/client/renderer/chunk/RenderChunk;func_178581_b(FFFLnet/minecraft/client/renderer/chunk/ChunkCompileTaskGenerator;)V"},"baritone/launch/mixins/MixinRenderList":{"net/minecraft/client/renderer/GlStateManager.popMatrix()V":"Lnet/minecraft/client/renderer/GlStateManager;func_179121_F()V","renderChunkLayer":"Lnet/minecraft/client/renderer/RenderList;func_178001_a(Lnet/minecraft/util/BlockRenderLayer;)V"},"baritone/launch/mixins/MixinStateImplementation":{"net.minecraft.block.state.BlockStateContainer$StateImplementation":"net/minecraft/block/state/BlockStateContainer$StateImplementation"},"baritone/launch/mixins/MixinTabCompleter":{"requestCompletions":"Lnet/minecraft/util/TabCompleter;func_186838_a(Ljava/lang/String;)V"},"baritone/launch/mixins/MixinVboRenderList":{"net/minecraft/client/renderer/GlStateManager.popMatrix()V":"Lnet/minecraft/client/renderer/GlStateManager;func_179121_F()V","renderChunkLayer":"Lnet/minecraft/client/renderer/VboRenderList;func_178001_a(Lnet/minecraft/util/BlockRenderLayer;)V"},"baritone/launch/mixins/MixinWorldClient":{"doPreChunk":"Lnet/minecraft/client/multiplayer/WorldClient;func_73025_a(IIZ)V"}}}
