{
  "required": true,
  "package": "me.zero.clarinet.hook.mixin",
  "plugin": "me.zero.clarinet.hook.mixin.plugin.ImpactMixinPlugin",
  "refmap": "mixins.impact.refmap.json",
  "compatibilityLevel": "JAVA_8",
  "verbose": false,
  "client": [
    "MixinAbstractClientPlayer",
    "MixinAbstractHorse",
    "MixinBlock",
    "MixinBlockBasePressurePlate",
    "MixinBlockCactus",
    "MixinBlockFire",
    "MixinBlockFluidRenderer",
    "MixinBlockLiquid",
    "MixinBlockModelRenderer",
    "MixinBlockShulkerBox",
    "MixinBlockSlime",
    "MixinBlockSoulSand",
    "MixinDebugRendererChunkBorder",
    "MixinEntity",
    "MixinEntityLivingBase",
    "MixinEntityLlama",
    "MixinEntityPig",
    "MixinEntityPlayer",
    "MixinEntityPlayerSP",
    "MixinEntityRenderer",
    "MixinFramebuffer",
    "MixinGuiOverlayDebug",
    "MixinItemBlock",
    "MixinItemStack",
    "MixinLayerArmorBase",
    "MixinMinecraft",
    "MixinModelPlayer",
    "MixinNetworkManager",
    "MixinPacketThreadUtil",
    "MixinPlayerControllerMP",
    "MixinRenderItem",
    "MixinRenderLivingBase",
    "MixinRenderManager",
    "MixinVisGraph",
    "MixinWorld",
    "MixinYggdrasilMinecraftSessionService",
    "accessor.AccessorCPacketCloseWindow",
    "accessor.AccessorCPacketPlayer",
    "accessor.AccessorCPacketPlayerTryUseItemOnBlock",
    "accessor.AccessorEntity",
    "accessor.AccessorGuiPlayerTabOverlay",
    "accessor.AccessorIGameType",
    "accessor.AccessorItemRenderer",
    "accessor.AccessorKeyBinding",
    "accessor.AccessorRenderManager",
    "accessor.AccessorShaderGroup",
    "accessor.AccessorSPacketEntityVelocity",
    "accessor.AccessorSPacketExplosion",
    "accessor.AccessorSPacketPlayerPosLook",
    "accessor.AccessorWorldInfo",
    "gui.MixinGuiChat",
    "gui.MixinGuiChest",
    "gui.MixinGuiCustomizeSkin",
    "gui.MixinGuiDisconnect",
    "gui.MixinGuiGameOver",
    "gui.MixinGuiIngame",
    "gui.MixinGuiIngameMenu",
    "gui.MixinGuiMainMenu",
    "gui.MixinGuiScreen",
    "optifine.MixinConfig"
  ]
}